"workshop_id","title","categorie","verdict","mod_file","tags","abonnes","url"
"2025276368","AGO'S Clothing & Armor　（WIP）","additive","optionnel (ajout pur)","AGO'S Clothing & Armor.mod","Clothing/Armour","24753","https://steamcommunity.com/sharedfiles/filedetails/?id=2025276368"
"2026109041","AGO'S Clothing & Armor EN","additive","optionnel (ajout pur)","AGO'S Clothing & Armor_EN.mod","Clothing/Armour","14259","https://steamcommunity.com/sharedfiles/filedetails/?id=2026109041"
"1767655024","Alternate Armors.","additive","optionnel (ajout pur)","More Sexy Armors.mod","Clothing/Armour/Graphical","12314","https://steamcommunity.com/sharedfiles/filedetails/?id=1767655024"
"2221854467","Ancient Forgotten Weapons - New update 4!","additive","optionnel (ajout pur)","Ancient Forgotten Weapons.mod","Items/Weapons","19880","https://steamcommunity.com/sharedfiles/filedetails/?id=2221854467"
"2369615809","Another Stealth Run","additive","optionnel (ajout pur)","Another Stealth Run.mod","Graphical","96594","https://steamcommunity.com/sharedfiles/filedetails/?id=2369615809"
"2989526954","Armor | Armored Mercenary Rags","additive","optionnel (ajout pur)","Armored Mercenary Rags.mod","Clothing/Armour/Research","45631","https://steamcommunity.com/sharedfiles/filedetails/?id=2989526954"
"2914578563","Armor | Hooligan Rags","additive","optionnel (ajout pur)","Hooligan Rags.mod","Clothing/Armour/Research","43857","https://steamcommunity.com/sharedfiles/filedetails/?id=2914578563"
"3068100800","Armor | Plague Mask","additive","optionnel (ajout pur)","J0Y Plague Mask.mod","Clothing/Armour/Research","2282","https://steamcommunity.com/sharedfiles/filedetails/?id=3068100800"
"2931122542","Armor | Rag Plate","additive","optionnel (ajout pur)","Rag Plate.mod","Clothing/Armour/Research","44790","https://steamcommunity.com/sharedfiles/filedetails/?id=2931122542"
"2919607720","Armor | Swamper Plate","additive","optionnel (ajout pur)","Swamper Plate.mod","Clothing/Armour/Research","50513","https://steamcommunity.com/sharedfiles/filedetails/?id=2919607720"
"1819184480","Armor of the Sun","additive","optionnel (ajout pur)","Jolly Patch.mod","Clothing/Armour","221","https://steamcommunity.com/sharedfiles/filedetails/?id=1819184480"
"1817582624","Armor; Nomad Cape","additive","optionnel (ajout pur)","nomad cape.mod","Clothing/Armour","380138","https://steamcommunity.com/sharedfiles/filedetails/?id=1817582624"
"3036871460","Armour/Armor - Marauder Pauldrons","additive","optionnel (ajout pur)","MarauderPauldrons.mod","Clothing/Armour","2469","https://steamcommunity.com/sharedfiles/filedetails/?id=3036871460"
"2988268142","Armoured Rags to heavy armor","additive","optionnel (ajout pur)","Heavy Armoured Rag.mod","Items/Weapons","232","https://steamcommunity.com/sharedfiles/filedetails/?id=2988268142"
"1840919898","Ashigaru Armour","additive","optionnel (ajout pur)","Ashigaru Chest.mod","Clothing/Armour","180249","https://steamcommunity.com/sharedfiles/filedetails/?id=1840919898"
"3242612066","Atmospheric Water Generator","additive","optionnel (ajout pur)","Atmospheric water generator.mod","Buildings/Research","25146","https://steamcommunity.com/sharedfiles/filedetails/?id=3242612066"
"2891330292","Attach Ramps Anywhere","additive","optionnel (ajout pur)","More Wall Ramp Attach.mod","Buildings","30457","https://steamcommunity.com/sharedfiles/filedetails/?id=2891330292"
"3271254631","Attachable Lamp Posts !!!","additive","optionnel (ajout pur)","AttachedLampPost.mod","Buildings","34901","https://steamcommunity.com/sharedfiles/filedetails/?id=3271254631"
"1363848335","Azuchi Armor","additive","optionnel (ajout pur)","Azuchi.mod","Clothing/Armour","182493","https://steamcommunity.com/sharedfiles/filedetails/?id=1363848335"
"2975608378","Bleeder's Needle","additive","optionnel (ajout pur)","Bleeder's Needle.mod","Items/Weapons","24582","https://steamcommunity.com/sharedfiles/filedetails/?id=2975608378"
"3000083440","Blue Nebulosity","additive","optionnel (ajout pur)","Blue Nebulosity.mod","Graphical","65942","https://steamcommunity.com/sharedfiles/filedetails/?id=3000083440"
"2456515727","Bounty Hunter Armor","additive","optionnel (ajout pur)","Bounty Hunter Armor.mod","Clothing/Armour","107691","https://steamcommunity.com/sharedfiles/filedetails/?id=2456515727"
"2825033337","Build Select Dismantle Market Tents","additive","optionnel (ajout pur)","Build Select Dismantle Market Tents.mod","Buildings","6243","https://steamcommunity.com/sharedfiles/filedetails/?id=2825033337"
"2466416778","Bull's Lantern","additive","optionnel (ajout pur)","Bull's_Lantern.mod","Items/Weapons","35173","https://steamcommunity.com/sharedfiles/filedetails/?id=2466416778"
"722677433","Camping Material","additive","optionnel (ajout pur)","camping_materials.mod","Buildings","30631","https://steamcommunity.com/sharedfiles/filedetails/?id=722677433"
"2933691526","Chainmail Textures","additive","optionnel (ajout pur)","Chainmail Textures.mod","Clothing/Armour","28003","https://steamcommunity.com/sharedfiles/filedetails/?id=2933691526"
"723058337","Craft more wearable","additive","optionnel (ajout pur)","Improved leather crafting.mod","Clothing/Armour","10322","https://steamcommunity.com/sharedfiles/filedetails/?id=723058337"
"1612920478","Craftable Edge type 3 weapons","additive","optionnel (ajout pur)","weapons.mod","Items/Weapons/Research","258410","https://steamcommunity.com/sharedfiles/filedetails/?id=1612920478"
"1654619443","Craftable Hack Stopper Armor","additive","optionnel (ajout pur)","Craftable Hack Stopper Armor.mod","Clothing/Armour/Items/Weapons","18450","https://steamcommunity.com/sharedfiles/filedetails/?id=1654619443"
"1713408896","Drifter's Leather Hot Pants","additive","optionnel (ajout pur)","Drifter's Leather Hot Pants.mod","Clothing/Armour","143445","https://steamcommunity.com/sharedfiles/filedetails/?id=1713408896"
"1879122898","Empire Banner Retexture","additive","optionnel (ajout pur)","Empire Banner Retexture.mod","Graphical","88376","https://steamcommunity.com/sharedfiles/filedetails/?id=1879122898"
"2452688543","Extended Armored Rags","additive","optionnel (ajout pur)","MineArmorTest.mod","Clothing/Armour","1354","https://steamcommunity.com/sharedfiles/filedetails/?id=2452688543"
"2142999934","Hack Stopper Helmet","additive","optionnel (ajout pur)","HackStopperHelmet.mod","Clothing/Armour","71699","https://steamcommunity.com/sharedfiles/filedetails/?id=2142999934"
"2935819492","Hack Stopper Helmet - Take that Off","additive","optionnel (ajout pur)","HackStopperHelmet TTO.mod","Clothing/Armour","25889","https://steamcommunity.com/sharedfiles/filedetails/?id=2935819492"
"2027430283","Haori","additive","optionnel (ajout pur)","Haori.mod","Clothing/Armour","5018","https://steamcommunity.com/sharedfiles/filedetails/?id=2027430283"
"1791587957","Hunting-Hat","additive","optionnel (ajout pur)","Hunting-Hat.mod","Clothing/Armour","22499","https://steamcommunity.com/sharedfiles/filedetails/?id=1791587957"
"1514964089","Hydroponics Plus","additive","optionnel (ajout pur)","Hydroponics Plus.mod","Buildings/Research","154783","https://steamcommunity.com/sharedfiles/filedetails/?id=1514964089"
"3052159185","Illumination and Hologram Statues","additive","optionnel (ajout pur)","Illumination_Hologram_Statues.mod","Buildings","27942","https://steamcommunity.com/sharedfiles/filedetails/?id=3052159185"
"1545353351","Immersive Furniture","additive","optionnel (ajout pur)","Immersive Furniture.mod","Buildings/Graphical","124001","https://steamcommunity.com/sharedfiles/filedetails/?id=1545353351"
"1660758973","Impaler Armor Set","additive","optionnel (ajout pur)","ImpalerArmor.mod","Clothing/Armour","204090","https://steamcommunity.com/sharedfiles/filedetails/?id=1660758973"
"2399812304","Iron Fortress Armour Set - Lore Friendly Armor Set","additive","optionnel (ajout pur)","Iron Fortress Armor Set.mod","Clothing/Armour","131068","https://steamcommunity.com/sharedfiles/filedetails/?id=2399812304"
"1383768905","Light Wind Generator II","additive","optionnel (ajout pur)","Light Wind Generator II.mod","Buildings/Research","7560","https://steamcommunity.com/sharedfiles/filedetails/?id=1383768905"
"1839158586","Little Better Farm Fences","additive","optionnel (ajout pur)","Little Better Farm Fences.mod","Buildings/Graphical","117272","https://steamcommunity.com/sharedfiles/filedetails/?id=1839158586"
"2994349516","Long Range Radio","additive","optionnel (ajout pur)","CBT Long Range Radio.mod","Buildings","41124","https://steamcommunity.com/sharedfiles/filedetails/?id=2994349516"
"1540221059","Martial Artists Belt","additive","optionnel (ajout pur)","Martial Artists Belt.mod","Clothing/Armour","1546","https://steamcommunity.com/sharedfiles/filedetails/?id=1540221059"
"2887053630","Masks","additive","optionnel (ajout pur)","Billyro Masks.mod","Clothing/Armour","103092","https://steamcommunity.com/sharedfiles/filedetails/?id=2887053630"
"1294713819","Mediocre Black Armor - version 3","additive","optionnel (ajout pur)","Mediocre Black Armor.mod","Clothing/Armour/Graphical","115596","https://steamcommunity.com/sharedfiles/filedetails/?id=1294713819"
"3268666939","MegaPlatform!!!","additive","optionnel (ajout pur)","MegaPlatform.mod","Buildings","32050","https://steamcommunity.com/sharedfiles/filedetails/?id=3268666939"
"1163151622","More Plate Options","additive","optionnel (ajout pur)","MorePlate.mod","Clothing/Armour","73653","https://steamcommunity.com/sharedfiles/filedetails/?id=1163151622"
"3079953633","Native Stylise","additive","optionnel (ajout pur)","Native Stylise.mod","Graphical","119660","https://steamcommunity.com/sharedfiles/filedetails/?id=3079953633"
"3044762812","Nun Armor","additive","optionnel (ajout pur)","Sister Armor.mod","Clothing/Armour","1819","https://steamcommunity.com/sharedfiles/filedetails/?id=3044762812"
"2927692113","NWDM light","additive","optionnel (ajout pur)","NWDM light.mod","Items/Weapons","46387","https://steamcommunity.com/sharedfiles/filedetails/?id=2927692113"
"3178310339","Radiant Sentry Bag Re-balance","additive","optionnel (ajout pur)","Radiant Master Explorer Bag Rebalance.mod","Clothing/Armour","19037","https://steamcommunity.com/sharedfiles/filedetails/?id=3178310339"
"3273896773","Realistic Apparel Diversity [RAD] - Starving Bandits/Vagrants","additive","optionnel (ajout pur)","Realistic Apparel Diversity [RAD] - Hungry Bandits.mod","Clothing/Armour","11217","https://steamcommunity.com/sharedfiles/filedetails/?id=3273896773"
"2372145585","Realistic Armor Tweaks","additive","optionnel (ajout pur)","Realistic Armor Tweaks.mod","Clothing/Armour","2652","https://steamcommunity.com/sharedfiles/filedetails/?id=2372145585"
"1697763752","Realistic Armored Rag Skirt","additive","optionnel (ajout pur)","Armored Rag Skirt Realistic.mod","Clothing/Armour","7785","https://steamcommunity.com/sharedfiles/filedetails/?id=1697763752"
"1698454202","Realistic Martial Artist Bindings","additive","optionnel (ajout pur)","Martial Artist Bindings Realistic.mod","Clothing/Armour","10411","https://steamcommunity.com/sharedfiles/filedetails/?id=1698454202"
"1697756494","Realistic Plate Jacket Armour","additive","optionnel (ajout pur)","Plate Armor Realistic.mod","Clothing/Armour","7702","https://steamcommunity.com/sharedfiles/filedetails/?id=1697756494"
"2344421115","Revan's Lightsabers","additive","optionnel (ajout pur)","Revan's Lightsaber.mod","Items/Weapons","24720","https://steamcommunity.com/sharedfiles/filedetails/?id=2344421115"
"2986181151","Robotic Legs with Boots","additive","optionnel (ajout pur)","CBT Robotic Legs with Boots.mod","Clothing/Armour","24094","https://steamcommunity.com/sharedfiles/filedetails/?id=2986181151"
"1481562905","Robotics addon","additive","optionnel (ajout pur)","Lone RoboticsAddon.mod","Items/Weapons/Research","44892","https://steamcommunity.com/sharedfiles/filedetails/?id=1481562905"
"3173102478","Rogue Armor Remake","additive","optionnel (ajout pur)","CBT Rogue Armor Remake.mod","Clothing/Armour","27618","https://steamcommunity.com/sharedfiles/filedetails/?id=3173102478"
"3273300932","Samurai Armor Coverage Buff","additive","optionnel (ajout pur)","Samurai Armor Coverage.mod","Clothing/Armour","18","https://steamcommunity.com/sharedfiles/filedetails/?id=3273300932"
"3258994797","Samurai Armor Renewal","additive","optionnel (ajout pur)","SamuraiArmourRestyle.mod","Clothing/Armour/Graphical","11","https://steamcommunity.com/sharedfiles/filedetails/?id=3258994797"
"2671673592","Samurai Captain Armor","additive","optionnel (ajout pur)","Officer_armor.mod","Clothing/Armour/Research","51381","https://steamcommunity.com/sharedfiles/filedetails/?id=2671673592"
"2801920581","Samurai Mask for Belt Slots (Samurai Armor Expanded)","additive","optionnel (ajout pur)","Samurai_belt_mask.mod","Items/Weapons","47198","https://steamcommunity.com/sharedfiles/filedetails/?id=2801920581"
"3266036033","Samurai Shin Guards","additive","optionnel (ajout pur)","Samurai Shin Guards.mod","Clothing/Armour","30892","https://steamcommunity.com/sharedfiles/filedetails/?id=3266036033"
"2671674433","Shinobi Armor","additive","optionnel (ajout pur)","Shinobi_armor.mod","Clothing/Armour/Research","99740","https://steamcommunity.com/sharedfiles/filedetails/?id=2671674433"
"2727790398","Shoddy Firearms Rebalanced","additive","optionnel (ajout pur)","Shoddy Firearms Rebalanced.mod","Items/Weapons/Research","39151","https://steamcommunity.com/sharedfiles/filedetails/?id=2727790398"
"2919639643","Sinobi Martial Art Bindings","additive","optionnel (ajout pur)","Shinobi Martial Art Bindings.mod","Clothing/Armour","21331","https://steamcommunity.com/sharedfiles/filedetails/?id=2919639643"
"2199428414","Skeleton and Soldier Hats","additive","optionnel (ajout pur)","Skeleton and Soldier Hats.mod","Clothing/Armour","26040","https://steamcommunity.com/sharedfiles/filedetails/?id=2199428414"
"1169960388","Sleeveless Dustcoat Blueprint and Clothing in Shops","additive","optionnel (ajout pur)","SL Dust Coat.mod","Clothing/Armour/Research","1462","https://steamcommunity.com/sharedfiles/filedetails/?id=1169960388"
"1609132998","Smoking Machine","additive","optionnel (ajout pur)","Smoking machine.mod","Buildings","19187","https://steamcommunity.com/sharedfiles/filedetails/?id=1609132998"
"3233036904","SteelRefineryColourChange","additive","optionnel (ajout pur)","SteelMillColourChange.mod","Buildings","25459","https://steamcommunity.com/sharedfiles/filedetails/?id=3233036904"
"2898347131","Take that off","additive","optionnel (ajout pur)","Take that off.mod","Clothing/Armour","26615","https://steamcommunity.com/sharedfiles/filedetails/?id=2898347131"
"2423669410","Trident's Stabby Devices","additive","optionnel (ajout pur)","Trident's Weapon Pack.mod","Items/Weapons/Research","51911","https://steamcommunity.com/sharedfiles/filedetails/?id=2423669410"
"3017062043","Trinity Custom Weapon Pack","additive","optionnel (ajout pur)","Trinity Custom Weapon Pack.mod","Items/Weapons/Research","28197","https://steamcommunity.com/sharedfiles/filedetails/?id=3017062043"
"3050040173","Turret Pointer","additive","optionnel (ajout pur)","Turret Pointer.mod","Graphical","15103","https://steamcommunity.com/sharedfiles/filedetails/?id=3050040173"
"2337988885","Underwear Restored","additive","optionnel (ajout pur)","Underwear Restored.mod","Clothing/Armour","47478","https://steamcommunity.com/sharedfiles/filedetails/?id=2337988885"
"1439207767","Unique Phoenix Armor","additive","optionnel (ajout pur)","Unique Phoenix Armor.mod","Clothing/Armour","79439","https://steamcommunity.com/sharedfiles/filedetails/?id=1439207767"
"2351323023","Vanilla Aesthetic Content - Goat Headdress","additive","optionnel (ajout pur)","Vanilla Aesthetic Content - Goat Head Dress.mod","Clothing/Armour","33705","https://steamcommunity.com/sharedfiles/filedetails/?id=2351323023"
"3124062540","Vanilla Armor Colors","additive","optionnel (ajout pur)","Vanilla Armor Colors.mod","Clothing/Armour/Graphical","25890","https://steamcommunity.com/sharedfiles/filedetails/?id=3124062540"
"2917779534","Vanilla Missed Faction Armor Blueprints","additive","optionnel (ajout pur)","Faction_Armor_BPs.mod","Clothing/Armour/Research","22518","https://steamcommunity.com/sharedfiles/filedetails/?id=2917779534"
"3277278944","Vertical Generator!!!","additive","optionnel (ajout pur)","VerticalGenerator.mod","Buildings","40706","https://steamcommunity.com/sharedfiles/filedetails/?id=3277278944"
"2015994266","Wa-Fu Jacket","additive","optionnel (ajout pur)","Wa-Fu Jacket.mod","Clothing/Armour","3799","https://steamcommunity.com/sharedfiles/filedetails/?id=2015994266"
"2974077189","Water Optimizer","additive","optionnel (ajout pur)","Water Optimizer.mod","Graphical","119147","https://steamcommunity.com/sharedfiles/filedetails/?id=2974077189"
"2798423056","Weapon | Elden Ring - Bloodhound's Fang","additive","optionnel (ajout pur)","Bloodhound Fang Sabre Version.mod","Items/Weapons/Research","41873","https://steamcommunity.com/sharedfiles/filedetails/?id=2798423056"
"2890430925","Weapon | Grinning Blade","additive","optionnel (ajout pur)","iceboxX708 Grinning Blade.mod","Items/Weapons/Research","38257","https://steamcommunity.com/sharedfiles/filedetails/?id=2890430925"
"2929241414","Weapon | Marauder Axe","additive","optionnel (ajout pur)","Christopher campos Battle Axe Marauder Axe.mod","Items/Weapons/Research","54825","https://steamcommunity.com/sharedfiles/filedetails/?id=2929241414"
"3092256767","Weapon | Noble Nodachi","additive","optionnel (ajout pur)","ColonelTang Noble Nodachi.mod","Items/Weapons/Research","59900","https://steamcommunity.com/sharedfiles/filedetails/?id=3092256767"
"2878835897","Weapon | Orc Machete","additive","optionnel (ajout pur)","iceboxX708 Orc Machete.mod","Items/Weapons/Research","35014","https://steamcommunity.com/sharedfiles/filedetails/?id=2878835897"
"2799176510","Weapon | Straight-Edge Cutlass","additive","optionnel (ajout pur)","Broad Straight Edged Cutlass.mod","Items/Weapons/Research","48834","https://steamcommunity.com/sharedfiles/filedetails/?id=2799176510"
"2904373362","Weapon | Uchigatana","additive","optionnel (ajout pur)","Drax Uchigatana.mod","Items/Weapons/Research","57744","https://steamcommunity.com/sharedfiles/filedetails/?id=2904373362"
"3010397981","Weapon | Ugly Cleaver","additive","optionnel (ajout pur)","epavlenko Ugly Homemade Cleaver.mod","Items/Weapons/Research","31677","https://steamcommunity.com/sharedfiles/filedetails/?id=3010397981"
"1845960491","Weapons look metallic","additive","optionnel (ajout pur)","WeaponRetexMetalness.mod","Graphical","375393","https://steamcommunity.com/sharedfiles/filedetails/?id=1845960491"
"2884479306","ビークシングが生えてくるmod / Gutter Farming","additive","optionnel (ajout pur)","Gutter_Farming.mod","Buildings/Research","15348","https://steamcommunity.com/sharedfiles/filedetails/?id=2884479306"
"3333842262","[FIX]UWE- RP Compatibility Patch","overhaul/UWE-patch","retirer (conflit/patch orphelin)","[FIX]UWE- RP Compatibility Patch.mod","","31063","https://steamcommunity.com/sharedfiles/filedetails/?id=3333842262"
"705119823","256 Recruitment Limit","gameplay/other","retirer (conflit/patch orphelin)","256 Squad Limit.mod","Characters/Gameplay","1168471","https://steamcommunity.com/sharedfiles/filedetails/?id=705119823"
"3031720979","Actual Strength XP from Combat","gameplay/other","retirer (conflit/patch orphelin)","Actual Str XP from Combat.mod","Gameplay/Characters","39559","https://steamcommunity.com/sharedfiles/filedetails/?id=3031720979"
"2514174431","Additional Gear for Rebel Farmers","gameplay/other","retirer (conflit/patch orphelin)","Hoser Rebel Farmers.mod","Clothing/Armour/Items/Weapons/Characters","11657","https://steamcommunity.com/sharedfiles/filedetails/?id=2514174431"
"2894694324","Additional Gear for Skeleton Bandits","world/faction","retirer (conflit/patch orphelin)","Skeleton Bandits Expanded.mod","Clothing/Armour/Factions/Characters","30641","https://steamcommunity.com/sharedfiles/filedetails/?id=2894694324"
"2144955757","Additional Pylons","gameplay/other","retirer (conflit/patch orphelin)","Protoss.mod","Buildings/Graphical/Gameplay/Items/Weapons/Research","31074","https://steamcommunity.com/sharedfiles/filedetails/?id=2144955757"
"1563031675","Ally the Cannibal Hunters","world/faction","retirer (conflit/patch orphelin)","Cannibal Hunters Relations.mod","Factions/Characters","83033","https://steamcommunity.com/sharedfiles/filedetails/?id=1563031675"
"3208087490","Alternate Black Desert","world/faction","retirer (conflit/patch orphelin)","Black Desert Reworked.mod","Buildings/Environment/Map/Factions/Gameplay","6846","https://steamcommunity.com/sharedfiles/filedetails/?id=3208087490"
"3224267935","Ancient Empire Samurai (v2.1)","race","retirer (conflit/patch orphelin)","Ancient Empire Samurai.mod","Buildings/Clothing/Armour/Environment/Map/Factions/Items/Weapons/Research/Races/Characters","25877","https://steamcommunity.com/sharedfiles/filedetails/?id=3224267935"
"1804519147","ANiceOakTree's Hairstyles for Kenshi","gameplay/other","retirer (conflit/patch orphelin)","aniceoaktrees_hairstyles.mod","Characters","185849","https://steamcommunity.com/sharedfiles/filedetails/?id=1804519147"
"2064496539","Animal Armors","animation","retirer (conflit/patch orphelin)","Animal Armors.mod","Clothing/Armour","1826","https://steamcommunity.com/sharedfiles/filedetails/?id=2064496539"
"2982489314","Animal Variety Patch","animation","retirer (conflit/patch orphelin)","Animal Variations Patch.mod","Gameplay","30527","https://steamcommunity.com/sharedfiles/filedetails/?id=2982489314"
"2799675717","Are We Friends Now?","world/faction","retirer (conflit/patch orphelin)","Are We Friends.mod","Factions/Characters","64495","https://steamcommunity.com/sharedfiles/filedetails/?id=2799675717"
"3210486754","Armor - Collection Pack","gameplay/other","retirer (conflit/patch orphelin)","Armor - Collection Pack.mod","Clothing/Armour/Items/Weapons/Research","22242","https://steamcommunity.com/sharedfiles/filedetails/?id=3210486754"
"1820811035","Armour Fix","patch","retirer (conflit/patch orphelin)","Armour Fix.mod","Clothing/Armour","17053","https://steamcommunity.com/sharedfiles/filedetails/?id=1820811035"
"3260477992","Ashen Hive","race","retirer (conflit/patch orphelin)","Ashen_HIve.mod","Clothing/Armour/Factions/Races","21876","https://steamcommunity.com/sharedfiles/filedetails/?id=3260477992"
"2998549688","Avitus Rei - Region Enemy Indicator","gameplay/other","retirer (conflit/patch orphelin)","CBT Avitus Rei - Region Enemy Indicator.mod","Cheats/Characters","37626","https://steamcommunity.com/sharedfiles/filedetails/?id=2998549688"
"3341698915","Azuchi Armor - Take that Off","race","retirer (conflit/patch orphelin)","Azuchi TTO.mod","Clothing/Armour/Gameplay/Items/Weapons/Races","23461","https://steamcommunity.com/sharedfiles/filedetails/?id=3341698915"
"1587201079","Backpack Distribution","gameplay/other","retirer (conflit/patch orphelin)","Backpack Distribution.mod","Characters","152633","https://steamcommunity.com/sharedfiles/filedetails/?id=1587201079"
"1884757102","Backpacks for Dogs and Goats ( and Crabs )","gameplay/other","retirer (conflit/patch orphelin)","inu-yagi-backpack.mod","Clothing/Armour/Gameplay/Items/Weapons","17635","https://steamcommunity.com/sharedfiles/filedetails/?id=1884757102"
"2954867987","Bank Use! EN","gameplay/other","retirer (conflit/patch orphelin)","Bank Use! EN.mod","Gameplay","45999","https://steamcommunity.com/sharedfiles/filedetails/?id=2954867987"
"2950702009","Base Recruits","gameplay/other","retirer (conflit/patch orphelin)","Base Recruits.mod","Gameplay/Research/Characters","31869","https://steamcommunity.com/sharedfiles/filedetails/?id=2950702009"
"2858830638","Bast Reconstruced","world/faction","retirer (conflit/patch orphelin)","Bast Reconstructed.mod","Environment/Map/Factions","13352","https://steamcommunity.com/sharedfiles/filedetails/?id=2858830638"
"3168124217","Beam Thing","gameplay/other","garder (dans l'ordre de l'auteur)","Beam Thing.mod","Characters","31210","https://steamcommunity.com/sharedfiles/filedetails/?id=3168124217"
"3036334265","Beautify For Storage（food）","animation","retirer (conflit/patch orphelin)","BFS.mod","Buildings","83921","https://steamcommunity.com/sharedfiles/filedetails/?id=3036334265"
"2806256617","Berserker Country Overhaul","world/faction","retirer (conflit/patch orphelin)","Berserker Country Overhaul.mod","Environment/Map/Factions","14788","https://steamcommunity.com/sharedfiles/filedetails/?id=2806256617"
"1729478585","Better Vanilla item stacking","gameplay/other","retirer (conflit/patch orphelin)","Item stacking.mod","Gameplay/Items/Weapons","86239","https://steamcommunity.com/sharedfiles/filedetails/?id=1729478585"
"3292169203","Better Vendor Lists (Vanilla Shop Enhancements)","overhaul/UWE-patch","retirer (conflit/patch orphelin)","BetterVendorLists.mod","Clothing/Armour/Gameplay/Total Overhaul/Items/Weapons","23422","https://steamcommunity.com/sharedfiles/filedetails/?id=3292169203"
"2379749116","Big Business - Shop Money & Items Increased","gameplay/other","retirer (conflit/patch orphelin)","BigBusiness.mod","Gameplay","22948","https://steamcommunity.com/sharedfiles/filedetails/?id=2379749116"
"2942337871","Black and white dye for player faction.","world/faction","retirer (conflit/patch orphelin)","Black dye faction.mod","Clothing/Armour/Factions/Characters","527","https://steamcommunity.com/sharedfiles/filedetails/?id=2942337871"
"3075174575","Blackened Samurai Armor","gameplay/other","retirer (conflit/patch orphelin)","Blackened Samurai Armor.mod","Clothing/Armour/Characters","1112","https://steamcommunity.com/sharedfiles/filedetails/?id=3075174575"
"1700037388","Bloodrum Expansion","gameplay/other","retirer (conflit/patch orphelin)","Bloodrum Overhaul.mod","Gameplay/Items/Weapons","25412","https://steamcommunity.com/sharedfiles/filedetails/?id=1700037388"
"3311029349","Blue Skeleton/Robotic Limb Health","gameplay/other","retirer (conflit/patch orphelin)","Blue Skeleton Robotic Limb Health.mod","GUI","5401","https://steamcommunity.com/sharedfiles/filedetails/?id=3311029349"
"2999316822","Boop Sparring Partner Patch","patch","retirer (conflit/patch orphelin)","Boop Sparring Partners Patch.mod","Gameplay/Characters","14631","https://steamcommunity.com/sharedfiles/filedetails/?id=2999316822"
"1905914579","Bounties Galore! Recruitable Prisoners Patch","patch","retirer (conflit/patch orphelin)","Bounties Galore! Recruit Prisoner Patch.mod","Factions/Gameplay/Items/Weapons/Characters","83368","https://steamcommunity.com/sharedfiles/filedetails/?id=1905914579"
"3132480159","Bounty Caravans - Tech Hunter's Suppliers (multilanguage)","overhaul/UWE-patch","retirer (conflit/patch orphelin)","Bounty Caravans - Tech Hunter's Suppliers (multilanguage).mod","Environment/Map/Factions/Gameplay/Total Overhaul/Translation","39531","https://steamcommunity.com/sharedfiles/filedetails/?id=3132480159"
"3068412351","Broken Skeleton Limbs","race","retirer (conflit/patch orphelin)","Broken Skeleton Limbs.mod","Gameplay/Items/Weapons/Races","40407","https://steamcommunity.com/sharedfiles/filedetails/?id=3068412351"
"2988949273","Building Category Tweaks - Storage","animation","retirer (conflit/patch orphelin)","Buildings Category Tweaks - Storage.mod","Buildings/GUI","50363","https://steamcommunity.com/sharedfiles/filedetails/?id=2988949273"
"2477173176","Cannibal Face Sliders","race","retirer (conflit/patch orphelin)","Cannibal Face Sliders.mod","Races","4243","https://steamcommunity.com/sharedfiles/filedetails/?id=2477173176"
"2740894384","Cannibal Hair","race","retirer (conflit/patch orphelin)","CannibalHair.mod","Races/Characters","35078","https://steamcommunity.com/sharedfiles/filedetails/?id=2740894384"
"1796320294","Canyonlands Killer Bounty","gameplay/other","retirer (conflit/patch orphelin)","CanyonKillerBounty.mod","Characters","20868","https://steamcommunity.com/sharedfiles/filedetails/?id=1796320294"
"3193929829","Caravans and Mercenaries","world/faction","retirer (conflit/patch orphelin)","caravans and mercenaries.mod","Clothing/Armour/Factions/Gameplay/Characters","16646","https://steamcommunity.com/sharedfiles/filedetails/?id=3193929829"
"3292146368","Cat's Clothing Overhaul Less Common in Shops","gameplay/other","retirer (conflit/patch orphelin)","Cat's Clothing Overhaul Less Common.mod","","33954","https://steamcommunity.com/sharedfiles/filedetails/?id=3292146368"
"3006914953","Cat's Dust Bandit Overhaul","gameplay/other","retirer (conflit/patch orphelin)","cats_dustbandit_overhaul.mod","Clothing/Armour/Items/Weapons/Research/Characters","63214","https://steamcommunity.com/sharedfiles/filedetails/?id=3006914953"
"3273096003","CenturionBot!!","race","retirer (conflit/patch orphelin)","ChurchillBotMkIV.mod","Items/Weapons/Races/Characters","29715","https://steamcommunity.com/sharedfiles/filedetails/?id=3273096003"
"3035714892","Character Editor Tweaks","race","retirer (conflit/patch orphelin)","Character Editor Tweaks.mod","Races/Characters","5768","https://steamcommunity.com/sharedfiles/filedetails/?id=3035714892"
"1688594162","Child Mod","race","retirer (conflit/patch orphelin)","Children.mod","Gameplay/Races/Characters","73148","https://steamcommunity.com/sharedfiles/filedetails/?id=1688594162"
"3253031763","Child Mod Overhaul","race","retirer (conflit/patch orphelin)","Children Overhaul.mod","Characters/Gameplay/Races","37880","https://steamcommunity.com/sharedfiles/filedetails/?id=3253031763"
"3343755563","City Architecture Total Overhaul V4.07","overhaul/UWE-patch","retirer (conflit/patch orphelin)","CATO V4.mod","Buildings/Environment/Map/Graphical/Total Overhaul","57697","https://steamcommunity.com/sharedfiles/filedetails/?id=3343755563"
"3182981282","Clothing and Armor","gameplay/other","retirer (conflit/patch orphelin)","Clothing and Light Armor.mod","Clothing/Armour/Gameplay/Graphical/Research","29424","https://steamcommunity.com/sharedfiles/filedetails/?id=3182981282"
"3282441800","Compressed Meat!","gameplay/other","retirer (conflit/patch orphelin)","compressedmeat.mod","","14335","https://steamcommunity.com/sharedfiles/filedetails/?id=3282441800"
"893422439","Copper Ore Drills","gameplay/other","retirer (conflit/patch orphelin)","Copper drill.mod","Buildings/Gameplay/Research","591770","https://steamcommunity.com/sharedfiles/filedetails/?id=893422439"
"2520244566","Crab Tournament FIX","patch","retirer (conflit/patch orphelin)","Crab Tournament FIX.mod","Factions","29846","https://steamcommunity.com/sharedfiles/filedetails/?id=2520244566"
"1656125132","Craftable backbacks","gameplay/other","retirer (conflit/patch orphelin)","Craftable backpacks.mod","Clothing/Armour/Gameplay","28189","https://steamcommunity.com/sharedfiles/filedetails/?id=1656125132"
"1354878627","Crossbows are now FUN","gameplay/other","retirer (conflit/patch orphelin)","Crossbows are more interesting.mod","Gameplay/Items/Weapons","85932","https://steamcommunity.com/sharedfiles/filedetails/?id=1354878627"
"2422691424","Cute Hive","race","retirer (conflit/patch orphelin)","Cute Hive.mod","Graphical/Races/Characters","48305","https://steamcommunity.com/sharedfiles/filedetails/?id=2422691424"
"2521602784","Damascus Meitou Weapons","gameplay/other","retirer (conflit/patch orphelin)","Damascus Meitou.mod","Graphical/Items/Weapons","27673","https://steamcommunity.com/sharedfiles/filedetails/?id=2521602784"
"2427974557","Dark Hive - Princess Patch","patch","retirer (conflit/patch orphelin)","Dark Hive - Princess Patch.mod","Races","21327","https://steamcommunity.com/sharedfiles/filedetails/?id=2427974557"
"2002409940","Dark Hive - simple recruit addon","race","retirer (conflit/patch orphelin)","Dark Hive_Simple Recruit.mod","Gameplay/Cheats","32134","https://steamcommunity.com/sharedfiles/filedetails/?id=2002409940"
"1455814030","Darkspawn Rising","race","retirer (conflit/patch orphelin)","DarkSpawn.mod","Characters/Clothing/Armour/Environment/Map/Factions/Items/Weapons/Research/Races","5989","https://steamcommunity.com/sharedfiles/filedetails/?id=1455814030"
"1676068316","Detailed Textures Pack - Faithful","world/faction","retirer (conflit/patch orphelin)","detail textures.mod","Characters/Buildings/Clothing/Armour/Environment/Map/Graphical/Items/Weapons","125764","https://steamcommunity.com/sharedfiles/filedetails/?id=1676068316"
"1747904297","Dialogue Expansion Project","overhaul/UWE-patch","retirer (conflit/patch orphelin)","Dialogue Expanded.mod","Characters/Environment/Map/Gameplay","377146","https://steamcommunity.com/sharedfiles/filedetails/?id=1747904297"
"2650566226","Diverse Faction Armor","overhaul/UWE-patch","retirer (conflit/patch orphelin)","Diverse Faction Armor.mod","Clothing/Armour/Factions/Gameplay/Total Overhaul/Characters","5395","https://steamcommunity.com/sharedfiles/filedetails/?id=2650566226"
"1931695205","Dodge Strafe","animation","retirer (conflit/patch orphelin)","DodgeStrafe.mod","Gameplay","172095","https://steamcommunity.com/sharedfiles/filedetails/?id=1931695205"
"3294235953","Don't Release My Prisoner","gameplay/other","retirer (conflit/patch orphelin)","Don't Release The Prisoner.mod","","2536","https://steamcommunity.com/sharedfiles/filedetails/?id=3294235953"
"2994674731","Drifters are Real - UWE, and more!","overhaul/UWE-patch","retirer (conflit/patch orphelin)","UWE - Drifters are Real.mod","Factions/Gameplay/GUI/Races/Characters","45926","https://steamcommunity.com/sharedfiles/filedetails/?id=2994674731"
"3263005742","Dropped in Style - Custom Ground Models","gameplay/other","retirer (conflit/patch orphelin)","Dropped in Style.mod","Clothing/Armour/Graphical/Items/Weapons","85775","https://steamcommunity.com/sharedfiles/filedetails/?id=3263005742"
"3291346009","Dyed Drifters","gameplay/other","retirer (conflit/patch orphelin)","Dyed Drifters.mod","Characters/Clothing/Armour","9951","https://steamcommunity.com/sharedfiles/filedetails/?id=3291346009"
"2495652142","Dyers Guild","world/faction","retirer (conflit/patch orphelin)","Dyers Guild.mod","Buildings/Environment/Map/Factions/Gameplay/Characters","46710","https://steamcommunity.com/sharedfiles/filedetails/?id=2495652142"
"1591021066","Execute Enemy","gameplay/other","retirer (conflit/patch orphelin)","Kill Item.mod","Cheats/Characters/Gameplay","103433","https://steamcommunity.com/sharedfiles/filedetails/?id=1591021066"
"2829062649","Execute Enemy: Off the goons - Kaizo Patch","overhaul/UWE-patch","retirer (conflit/patch orphelin)","Kill Item (Limited) - Kaizo Patch.mod","Gameplay/Items/Weapons/Cheats/Characters","27986","https://steamcommunity.com/sharedfiles/filedetails/?id=2829062649"
"2829130816","Execute Enemy: Off the goons - UWE Patch","overhaul/UWE-patch","retirer (conflit/patch orphelin)","Kill Item (Limited) - UWE Patch.mod","Factions/Gameplay/Items/Weapons/Cheats/Characters","24704","https://steamcommunity.com/sharedfiles/filedetails/?id=2829130816"
"2829048265","Execute Enemy: Off the goons Patch","patch","retirer (conflit/patch orphelin)","Kill Item (Limited) Patch.mod","Characters/Cheats/Gameplay/Items/Weapons","29817","https://steamcommunity.com/sharedfiles/filedetails/?id=2829048265"
"3008435459","Execution","gameplay/other","retirer (conflit/patch orphelin)","Execution.mod","Buildings/Gameplay","34946","https://steamcommunity.com/sharedfiles/filedetails/?id=3008435459"
"2272493250","Extensive Surgery","race","retirer (conflit/patch orphelin)","Extensive Surgery.mod","Characters/Gameplay/Races","26176","https://steamcommunity.com/sharedfiles/filedetails/?id=2272493250"
"1464696648","Extra Armor Race Free","race","retirer (conflit/patch orphelin)","extra_armor_race_free.mod","Clothing/Armour","53682","https://steamcommunity.com/sharedfiles/filedetails/?id=1464696648"
"1831219811","Faction Armor Colors - Better Colormaps","gameplay/other","retirer (conflit/patch orphelin)","Player Faction Armor Color.mod","Clothing/Armour/Graphical/Items/Weapons/Research/Characters","44932","https://steamcommunity.com/sharedfiles/filedetails/?id=1831219811"
"3292696625","Faction Furniture Reasearch Books Removed (+Hive Gossamer Bundle Removed)","race","retirer (conflit/patch orphelin)","CBT Faction Furniture Books Removed.mod","Buildings/Graphical/Cheats","22384","https://steamcommunity.com/sharedfiles/filedetails/?id=3292696625"
"1616668640","Faster Martial Arts","animation","retirer (conflit/patch orphelin)","Faster Martial Arts.mod","Gameplay","34579","https://steamcommunity.com/sharedfiles/filedetails/?id=1616668640"
"3132204829","Fix Relations - Limited Edition","patch","retirer (conflit/patch orphelin)","FixRelationsHeal(Limiter).mod","Factions/Gameplay","29466","https://steamcommunity.com/sharedfiles/filedetails/?id=3132204829"
"3170886213","Fixed female mesh","patch","retirer (conflit/patch orphelin)","Fixed famale mesh.mod","Clothing/Armour/Characters","21149","https://steamcommunity.com/sharedfiles/filedetails/?id=3170886213"
"3336759207","Focus The Limb for UWE","overhaul/UWE-patch","retirer (conflit/patch orphelin)","Focus The Limb for UWE.mod","Races","18464","https://steamcommunity.com/sharedfiles/filedetails/?id=3336759207"
"2468901580","FocusTheLimb!","race","retirer (conflit/patch orphelin)","FocusTheLimb!.mod","Gameplay/Races/Cheats","26592","https://steamcommunity.com/sharedfiles/filedetails/?id=2468901580"
"2435739556","Fogmen - Princess Patch","patch","retirer (conflit/patch orphelin)","Fogmen - Princess Patch.mod","Races","29425","https://steamcommunity.com/sharedfiles/filedetails/?id=2435739556"
"2927970520","Folded Steel","gameplay/other","retirer (conflit/patch orphelin)","folded steel.mod","Buildings/Gameplay","25789","https://steamcommunity.com/sharedfiles/filedetails/?id=2927970520"
"3004762843","Gambling | Odds and Evens","gameplay/other","retirer (conflit/patch orphelin)","Gambling - Dice Odds and Evens.mod","Items/Weapons/Characters","58115","https://steamcommunity.com/sharedfiles/filedetails/?id=3004762843"
"2844241521","GARRU, GARRU, GARRU!","world/faction","retirer (conflit/patch orphelin)","GARRU x3.mod","Environment/Map","41072","https://steamcommunity.com/sharedfiles/filedetails/?id=2844241521"
"2998350845","Gendou Pose Chairs","gameplay/other","retirer (conflit/patch orphelin)","Gendou_Pose_Chairs.mod","Buildings/Clothing/Armour","16042","https://steamcommunity.com/sharedfiles/filedetails/?id=2998350845"
"2348707978","Grass Pirates HQ","world/faction","retirer (conflit/patch orphelin)","Grass Pirates HQ.mod","Factions","11597","https://steamcommunity.com/sharedfiles/filedetails/?id=2348707978"
"3014763389","Great Frontiers - World Overhaul (WIP)","overhaul/UWE-patch","retirer (conflit/patch orphelin)","Great Frontiers - World Overhaul.mod","Clothing/Armour/Factions/Total Overhaul/Items/Weapons/Characters","40519","https://steamcommunity.com/sharedfiles/filedetails/?id=3014763389"
"2706218807","Grigori","gameplay/other","retirer (conflit/patch orphelin)","Grigori.mod","Characters","46023","https://steamcommunity.com/sharedfiles/filedetails/?id=2706218807"
"3335405934","Hackers Reskin","gameplay/other","retirer (conflit/patch orphelin)","JF HackersReskinned.mod","Graphical/Items/Weapons","29538","https://steamcommunity.com/sharedfiles/filedetails/?id=3335405934"
"3050339737","Hireable Merchants!","world/faction","retirer (conflit/patch orphelin)","Base Traders.mod","Factions/Gameplay/Characters","39465","https://steamcommunity.com/sharedfiles/filedetails/?id=3050339737"
"2432625852","Hive Armors with colormaps for Hives Expanded mod","race","retirer (conflit/patch orphelin)","Hive Armors with colormaps for Hives Expanded mod.mod","Clothing/Armour/Factions/Graphical/Characters","792","https://steamcommunity.com/sharedfiles/filedetails/?id=2432625852"
"2596875882","Hive Cybernetics - Princess Patch","patch","retirer (conflit/patch orphelin)","Hive Cybernetics - Princess Patch.mod","Races","22340","https://steamcommunity.com/sharedfiles/filedetails/?id=2596875882"
"2964344641","Hive Shops Don't Discriminate Against Hiveless","race","retirer (conflit/patch orphelin)","Hive Shops Don't Discriminate Agaisnt Hiveless.mod","Factions/Gameplay/Races","15340","https://steamcommunity.com/sharedfiles/filedetails/?id=2964344641"
"2469033537","Hive Soldiers Expanded Gas Mask Standalone","race","retirer (conflit/patch orphelin)","2PN8HiveGasMaskStandalone.mod","Clothing/Armour/Races/Characters","23439","https://steamcommunity.com/sharedfiles/filedetails/?id=2469033537"
"3008704539","Holy Nation Racism Fix","patch","retirer (conflit/patch orphelin)","HolyNationRacismFix.mod","Factions/Gameplay/Races","71040","https://steamcommunity.com/sharedfiles/filedetails/?id=3008704539"
"3030134609","Hospital AI Fix","patch","retirer (conflit/patch orphelin)","Hospial AI Fix.mod","Gameplay","29006","https://steamcommunity.com/sharedfiles/filedetails/?id=3030134609"
"1593914893","ImmersiveTaming","gameplay/other","retirer (conflit/patch orphelin)","ImmersiveTaming.mod","Gameplay","28722","https://steamcommunity.com/sharedfiles/filedetails/?id=1593914893"
"2139119242","Imperial Armour","gameplay/other","retirer (conflit/patch orphelin)","Imperial Armor.mod","Characters/Clothing/Armour/Graphical/Items/Weapons","5287","https://steamcommunity.com/sharedfiles/filedetails/?id=2139119242"
"2747581577","Import Slavery AI","gameplay/other","retirer (conflit/patch orphelin)","Beter's AI Squads in Eyesocket.mod","Gameplay/Cheats/Characters","18491","https://steamcommunity.com/sharedfiles/filedetails/?id=2747581577"
"1950231883","Improve relationships by Healing","world/faction","retirer (conflit/patch orphelin)","Fix Relation(Healing)EN.mod","Factions/Gameplay","259652","https://steamcommunity.com/sharedfiles/filedetails/?id=1950231883"
"3063153488","Improved Holy Nation Outlaws Faction Relations","world/faction","retirer (conflit/patch orphelin)","Improved HNO Faction Relations.mod","Factions/Gameplay","42392","https://steamcommunity.com/sharedfiles/filedetails/?id=3063153488"
"1518053392","Increased Trader Caravans","gameplay/other","retirer (conflit/patch orphelin)","Increased Trader Caravans.mod","Gameplay","10534","https://steamcommunity.com/sharedfiles/filedetails/?id=1518053392"
"2544613490","Informative WANTED Posters","gameplay/other","retirer (conflit/patch orphelin)","Informative WANTED Posters.mod","Gameplay/Items/Weapons","60681","https://steamcommunity.com/sharedfiles/filedetails/?id=2544613490"
"2992869153","Kenshi Armor Tech Tree","overhaul/UWE-patch","retirer (conflit/patch orphelin)","Armor Tech Tree.mod","Buildings/Clothing/Armour/Gameplay/Total Overhaul/Items/Weapons/Research/Characters","54","https://steamcommunity.com/sharedfiles/filedetails/?id=2992869153"
"3156901181","Legendary weapon and armor MOD","gameplay/other","retirer (conflit/patch orphelin)","CL Legendary Equipment ENG.mod","Clothing/Armour/Gameplay/Items/Weapons","5091","https://steamcommunity.com/sharedfiles/filedetails/?id=3156901181"
"3035608952","Less Shit Slaves (And Jailbreaks)","gameplay/other","retirer (conflit/patch orphelin)","Less Shit Slaves.mod","Gameplay/Characters","20123","https://steamcommunity.com/sharedfiles/filedetails/?id=3035608952"
"2851454343","Leviathan Coast Enhanced","overhaul/UWE-patch","retirer (conflit/patch orphelin)","Levi.mod","Environment/Map/Factions/Gameplay/Races/Total Overhaul","23307","https://steamcommunity.com/sharedfiles/filedetails/?id=2851454343"
"2795927410","Leviathan Pearl Craftable Items","gameplay/other","retirer (conflit/patch orphelin)","Leviathan Pearl Craftable Items.mod","Buildings/Items/Weapons/Research","68282","https://steamcommunity.com/sharedfiles/filedetails/?id=2795927410"
"1449297767","Leviathan Skin and Pearl Armor","overhaul/UWE-patch","retirer (conflit/patch orphelin)","Leviathan skin armor.mod","Cheats/Clothing/Armour/Gameplay/Total Overhaul","1492","https://steamcommunity.com/sharedfiles/filedetails/?id=1449297767"
"3107590011","Library Loot Plus","gameplay/other","retirer (conflit/patch orphelin)","library loot plus.mod","Gameplay/Research","32642","https://steamcommunity.com/sharedfiles/filedetails/?id=3107590011"
"2862682582","Lockpick Anyway","gameplay/other","retirer (conflit/patch orphelin)","Lockpick Anyway.mod","Gameplay","29804","https://steamcommunity.com/sharedfiles/filedetails/?id=2862682582"
"1611504710","Long range Corpse Furnace","gameplay/other","retirer (conflit/patch orphelin)","Longrange_Corpse Furnace.mod","Cheats","33198","https://steamcommunity.com/sharedfiles/filedetails/?id=1611504710"
"3111034589","Longer Drifter's Leather Pants","gameplay/other","retirer (conflit/patch orphelin)","Longer Drifter's Leather Pants.mod","Clothing/Armour/Research/Characters","45529","https://steamcommunity.com/sharedfiles/filedetails/?id=3111034589"
"2806481036","Looters - Small world addition","gameplay/other","retirer (conflit/patch orphelin)","Looters.mod","Characters","20755","https://steamcommunity.com/sharedfiles/filedetails/?id=2806481036"
"2994419123","Lore Friendly Bar Vender","gameplay/other","retirer (conflit/patch orphelin)","Lore Friendly Bar Vender.mod","Gameplay","38198","https://steamcommunity.com/sharedfiles/filedetails/?id=2994419123"
"3041292294","Lost South Drones","race","retirer (conflit/patch orphelin)","Lost Southives.mod","Races/Characters","10417","https://steamcommunity.com/sharedfiles/filedetails/?id=3041292294"
"2355502970","Make Holy Nation Great Again","world/faction","retirer (conflit/patch orphelin)","Make Holy Nation Great Again.mod","Clothing/Armour/Factions","82028","https://steamcommunity.com/sharedfiles/filedetails/?id=2355502970"
"2740182894","Mandalorians NCE","gameplay/other","retirer (conflit/patch orphelin)","DeathWatchMod NCE.mod","Clothing/Armour/Items/Weapons/Characters","2175","https://steamcommunity.com/sharedfiles/filedetails/?id=2740182894"
"2278572451","Martial Artist Chain Wrap","gameplay/other","retirer (conflit/patch orphelin)","Martial Artist Chain Wrap.mod","Clothing/Armour/Graphical/Gameplay/Items/Weapons/Research","3664","https://steamcommunity.com/sharedfiles/filedetails/?id=2278572451"
"1626723885","Martial Arts : Always Attack","animation","retirer (conflit/patch orphelin)","MartialArtsAlwaysAttack.mod","Characters/Gameplay","192124","https://steamcommunity.com/sharedfiles/filedetails/?id=1626723885"
"1957658146","Martial Arts Animations","animation","retirer (conflit/patch orphelin)","Martial Arts Animations.mod","Gameplay","32936","https://steamcommunity.com/sharedfiles/filedetails/?id=1957658146"
"813859797","Martial Arts Training carpet","animation","retirer (conflit/patch orphelin)","UnarmedTraining.mod","Buildings","13845","https://steamcommunity.com/sharedfiles/filedetails/?id=813859797"
"1489675661","Martial Village","race","retirer (conflit/patch orphelin)","Thousand Hands Martial Village.mod","Characters/Buildings/Clothing/Armour/Environment/Map/Factions/Gameplay/Items/Weapons/Research/Races","125437","https://steamcommunity.com/sharedfiles/filedetails/?id=1489675661"
"2506921335","Mediocre Black Armor yaknm patch","patch","retirer (conflit/patch orphelin)","Mediocre Black Armor yaknm patch.mod","Clothing/Armour","2949","https://steamcommunity.com/sharedfiles/filedetails/?id=2506921335"
"1348824016","Mediocre Hairstyles - version 2","gameplay/other","retirer (conflit/patch orphelin)","Mediocre Hairstyles.mod","Characters/Graphical","219815","https://steamcommunity.com/sharedfiles/filedetails/?id=1348824016"
"3251133264","Megagarru","gameplay/other","retirer (conflit/patch orphelin)","Megagarru.mod","Characters","33462","https://steamcommunity.com/sharedfiles/filedetails/?id=3251133264"
"3269511030","Megagoat","race","retirer (conflit/patch orphelin)","Megagoat.mod","Races/Characters","10051","https://steamcommunity.com/sharedfiles/filedetails/?id=3269511030"
"3242153008","MegaHaulerBot_w/o_TameB","race","retirer (conflit/patch orphelin)","MegaHaulerBot_w_o_TameB.mod","Characters/Races","32307","https://steamcommunity.com/sharedfiles/filedetails/?id=3242153008"
"2655761977","Mini Fishmen","race","retirer (conflit/patch orphelin)","Mini Fishmen.mod","Factions/Races/Characters","41819","https://steamcommunity.com/sharedfiles/filedetails/?id=2655761977"
"1597882779","Minor Mesh Fixes","patch","retirer (conflit/patch orphelin)","Minor Mesh Fixes.mod","Clothing/Armour/Graphical/Items/Weapons","432220","https://steamcommunity.com/sharedfiles/filedetails/?id=1597882779"
"2202817398","Minor mesh fixes for hivers","patch","retirer (conflit/patch orphelin)","mymod.mod","Clothing/Armour","6906","https://steamcommunity.com/sharedfiles/filedetails/?id=2202817398"
"3090224071","Modified Samurai Armor","gameplay/other","retirer (conflit/patch orphelin)","Samurai Armour Fix Pro.mod","Characters/Clothing/Armour/Items/Weapons/Research","36189","https://steamcommunity.com/sharedfiles/filedetails/?id=3090224071"
"1875677719","More Combat Stance MIABC+","animation","retirer (conflit/patch orphelin)","More Combat Stance MIABC+.mod","","125239","https://steamcommunity.com/sharedfiles/filedetails/?id=1875677719"
"1902979232","More Meitous","gameplay/other","retirer (conflit/patch orphelin)","More Meitous.mod","Characters/Items/Weapons","40079","https://steamcommunity.com/sharedfiles/filedetails/?id=1902979232"
"1640285404","More Minor Bounties","gameplay/other","retirer (conflit/patch orphelin)","MoreMinorBounties.mod","Gameplay/Characters","58047","https://steamcommunity.com/sharedfiles/filedetails/?id=1640285404"
"2961344193","More slave joins","gameplay/other","retirer (conflit/patch orphelin)","More_Recruitable_Slaves.mod","Gameplay/Characters","43737","https://steamcommunity.com/sharedfiles/filedetails/?id=2961344193"
"2012392159","More Vanilla Names","gameplay/other","retirer (conflit/patch orphelin)","Named[Unreplaced].mod","Characters","5280","https://steamcommunity.com/sharedfiles/filedetails/?id=2012392159"
"2308099396","Mountain Ronin Armor - Scarf Only Patch","patch","retirer (conflit/patch orphelin)","Mountain Ronin Scarf Only.mod","Clothing/Armour","651","https://steamcommunity.com/sharedfiles/filedetails/?id=2308099396"
"2487982200","NCE for Martial Artist Chain Wrap","gameplay/other","retirer (conflit/patch orphelin)","Martial Artist Chain Wrap_NCE.mod","","1861","https://steamcommunity.com/sharedfiles/filedetails/?id=2487982200"
"2498859145","NCE Hard Armor Patch","patch","retirer (conflit/patch orphelin)","NCE HardArmor.mod","Clothing/Armour/Gameplay","29","https://steamcommunity.com/sharedfiles/filedetails/?id=2498859145"
"2915509300","New Player Guide (1.2)","gameplay/other","retirer (conflit/patch orphelin)","New Player Guide.mod","Characters","33464","https://steamcommunity.com/sharedfiles/filedetails/?id=2915509300"
"1618523919","Nightvision+","world/faction","retirer (conflit/patch orphelin)","Nightvision+.mod","Environment/Map/Graphical/Gameplay","26961","https://steamcommunity.com/sharedfiles/filedetails/?id=1618523919"
"2995365144","No generic recruits, now unique","gameplay/other","retirer (conflit/patch orphelin)","No_generic_recruits_now_unique.mod","Gameplay/Characters","26260","https://steamcommunity.com/sharedfiles/filedetails/?id=2995365144"
"2895455760","No Human Female Muscle Definition, but THICC Shek Ladies are fine","race","retirer (conflit/patch orphelin)","NO Human ladies muscle def, but thicc shek babes are fine.mod","Graphical/Races/Characters","33392","https://steamcommunity.com/sharedfiles/filedetails/?id=2895455760"
"2212261158","NPC Barber Droid","gameplay/other","retirer (conflit/patch orphelin)","NPC Barber Droid.mod","Gameplay/Cheats/Characters","31215","https://steamcommunity.com/sharedfiles/filedetails/?id=2212261158"
"2787440032","NPC Edit | Diverse Empire Peasant Armor","overhaul/UWE-patch","retirer (conflit/patch orphelin)","Diverse Empire Peasent Clothing.mod","Clothing/Armour/Total Overhaul/Characters","6925","https://steamcommunity.com/sharedfiles/filedetails/?id=2787440032"
"2146663287","NPC Edit | Diverse Mercenary Armor","overhaul/UWE-patch","retirer (conflit/patch orphelin)","Diverse Mercenary Armor.mod","Clothing/Armour/Factions/Total Overhaul/Characters","12979","https://steamcommunity.com/sharedfiles/filedetails/?id=2146663287"
"2124107574","NPC Edit | Diverse Rebel Armor","overhaul/UWE-patch","retirer (conflit/patch orphelin)","Rebel Swordsmen Clothing.mod","Clothing/Armour/Factions/Total Overhaul/Characters","13205","https://steamcommunity.com/sharedfiles/filedetails/?id=2124107574"
"2937676052","NPC Edit | Diverse Thief Armor","overhaul/UWE-patch","retirer (conflit/patch orphelin)","Diverse Thief Clothing.mod","Clothing/Armour/Total Overhaul/Characters","7452","https://steamcommunity.com/sharedfiles/filedetails/?id=2937676052"
"2148163470","NPC Edit | Diverse Vagrant Armor","overhaul/UWE-patch","retirer (conflit/patch orphelin)","Diverse Starving Vagrant Armor.mod","Clothing/Armour/Factions/Total Overhaul/Characters","17970","https://steamcommunity.com/sharedfiles/filedetails/?id=2148163470"
"1616010664","NPC enjoys more shopping","gameplay/other","retirer (conflit/patch orphelin)","NPC enjoys more shopping.mod","Gameplay","415468","https://steamcommunity.com/sharedfiles/filedetails/?id=1616010664"
"3317646548","NPC Purchasing Power","gameplay/other","retirer (conflit/patch orphelin)","NPCPurchasingPower.mod","Characters","31193","https://steamcommunity.com/sharedfiles/filedetails/?id=3317646548"
"1850673564","NPC Town Assault Mission","world/faction","retirer (conflit/patch orphelin)","NPC Town Assault Mission.mod","Characters/Factions/Gameplay","57736","https://steamcommunity.com/sharedfiles/filedetails/?id=1850673564"
"1850667389","NPC Town Assault Mission (Demand money)","gameplay/other","retirer (conflit/patch orphelin)","NPC Town Assault Mission (Demand money).mod","Gameplay","44189","https://steamcommunity.com/sharedfiles/filedetails/?id=1850667389"
"1850665566","NPC Town Assault Mission (Unchanged Relation)","gameplay/other","retirer (conflit/patch orphelin)","NPC Town Assault Mission (Unchanged Relation).mod","Gameplay","44770","https://steamcommunity.com/sharedfiles/filedetails/?id=1850665566"
"1664370178","NPC Town Guard Mission","world/faction","retirer (conflit/patch orphelin)","NPC Town Guard Mission.mod","Factions/Gameplay/Characters","94941","https://steamcommunity.com/sharedfiles/filedetails/?id=1664370178"
"1667599209","NPC Town Guard Mission (Unchanged Relation)","gameplay/other","retirer (conflit/patch orphelin)","NPC Town Guard Mission (Unchanged Relation).mod","Gameplay","47064","https://steamcommunity.com/sharedfiles/filedetails/?id=1667599209"
"3003413770","NWDM light 3 Expanded Patch","patch","retirer (conflit/patch orphelin)","NWDM light 3 Expanded Patch.mod","","22034","https://steamcommunity.com/sharedfiles/filedetails/?id=3003413770"
"1194663452","Op Start: Full Samurai Gear; Max Stats; Money; All Research; Legendary Weapon","gameplay/other","retirer (conflit/patch orphelin)","Op Start by Thomasasia.mod","Cheats/Characters/Items/Weapons","18163","https://steamcommunity.com/sharedfiles/filedetails/?id=1194663452"
"2056221034","Ouroboros Armor and Ouroboros Empire Faction","world/faction","retirer (conflit/patch orphelin)","OroborosArmor.mod","Buildings/Clothing/Armour/Factions/Items/Weapons/Research/Characters","72260","https://steamcommunity.com/sharedfiles/filedetails/?id=2056221034"
"2890786829","Outlaws and Bandits Redone (Vanilla Version)","world/faction","retirer (conflit/patch orphelin)","Starving and outlaws.mod","Clothing/Armour/Factions/Items/Weapons/Characters","39289","https://steamcommunity.com/sharedfiles/filedetails/?id=2890786829"
"2929804287","Paladins now equip heavy hachigane and looks more badass","gameplay/other","retirer (conflit/patch orphelin)","Hachigane.mod","","6893","https://steamcommunity.com/sharedfiles/filedetails/?id=2929804287"
"3183600572","Pathfinding Fix: Azuchi Armor","patch","retirer (conflit/patch orphelin)","Pathfinding fix for Azuchi.mod","","510","https://steamcommunity.com/sharedfiles/filedetails/?id=3183600572"
"3343414012","Penitent One Armor from Blasphemous","gameplay/other","retirer (conflit/patch orphelin)","Blasphemous Penitent One Armor.mod","Clothing/Armour/Items/Weapons/Characters","3082","https://steamcommunity.com/sharedfiles/filedetails/?id=3343414012"
"3077249231","Plated Drifter's Leather Pants PRO","gameplay/other","retirer (conflit/patch orphelin)","Plated Drifter's Leather Pants PRO.mod","Characters/Clothing/Armour","45920","https://steamcommunity.com/sharedfiles/filedetails/?id=3077249231"
"2480986780","Polearm Blades up","gameplay/other","retirer (conflit/patch orphelin)","PolearmBladesUP.mod","Graphical/Gameplay/Items/Weapons","27820","https://steamcommunity.com/sharedfiles/filedetails/?id=2480986780"
"2663603800","Portrait Enlargement","gameplay/other","retirer (conflit/patch orphelin)","Fix Portrate.mod","Graphical/GUI","68739","https://steamcommunity.com/sharedfiles/filedetails/?id=2663603800"
"2663623855","Portrait Enlargement (for Animals)","animation","retirer (conflit/patch orphelin)","Fix Portrate(Animals).mod","Graphical/GUI","75355","https://steamcommunity.com/sharedfiles/filedetails/?id=2663623855"
"2682237401","Portrait Reduction","gameplay/other","retirer (conflit/patch orphelin)","Fix Portrate Patch.mod","Graphical/GUI","13894","https://steamcommunity.com/sharedfiles/filedetails/?id=2682237401"
"2576532875","Primordial Hive - Princess Patch","patch","retirer (conflit/patch orphelin)","Primordial Hive - Princess Patch.mod","Races","19663","https://steamcommunity.com/sharedfiles/filedetails/?id=2576532875"
"2425974883","Princess of Cute Hive","race","retirer (conflit/patch orphelin)","Cute Hive - Princess.mod","Gameplay/Races/Characters","46229","https://steamcommunity.com/sharedfiles/filedetails/?id=2425974883"
"3257182127","Princess of the Hive Remake Mesh edits","race","retirer (conflit/patch orphelin)","PrincessOfTheHiveFemale-PrincessOfCuteHiveMale.mod","Races","19260","https://steamcommunity.com/sharedfiles/filedetails/?id=3257182127"
"3305233841","Race - Ashen Hive Scout","race","retirer (conflit/patch orphelin)","HiveScout - Ashen.mod","Gameplay/Races/Characters","17381","https://steamcommunity.com/sharedfiles/filedetails/?id=3305233841"
"3296867749","Race - Hive Scout Drone","race","retirer (conflit/patch orphelin)","HiverScoutmesh.mod","Races/Characters","29595","https://steamcommunity.com/sharedfiles/filedetails/?id=3296867749"
"1434857344","Race Blood","race","retirer (conflit/patch orphelin)","Race Blood.mod","Graphical/Races","408381","https://steamcommunity.com/sharedfiles/filedetails/?id=1434857344"
"3034499742","Race Edit | Diverse Greenlander Hair Colors","overhaul/UWE-patch","retirer (conflit/patch orphelin)","Diverse Greenlander Hair.mod","Total Overhaul/Races","4251","https://steamcommunity.com/sharedfiles/filedetails/?id=3034499742"
"766462696","Racial Diversity (Formerly Multirace Bandits)","race","retirer (conflit/patch orphelin)","Racial Diversity.mod","Factions/Gameplay/Races/Characters","148786","https://steamcommunity.com/sharedfiles/filedetails/?id=766462696"
"2532744009","Radiant Biosteel Silk Armors","gameplay/other","retirer (conflit/patch orphelin)","Radiant Armors.mod","Clothing/Armour/Graphical/Gameplay/Items/Weapons/Research","65204","https://steamcommunity.com/sharedfiles/filedetails/?id=2532744009"
"3185922448","Radiant New Animal Subspecies FIX","animation","retirer (conflit/patch orphelin)","Radiant Animal Sub Species FIX.mod","Characters/Gameplay","37594","https://steamcommunity.com/sharedfiles/filedetails/?id=3185922448"
"2934380244","Radiant OldWorld Crossbow MkIII","gameplay/other","retirer (conflit/patch orphelin)","Radiant OldWorld MkIII Crossbow.mod","Graphical/Items/Weapons/Research","22823","https://steamcommunity.com/sharedfiles/filedetails/?id=2934380244"
"2927813323","Radiant Turret Rework","gameplay/other","retirer (conflit/patch orphelin)","Radiant Turrets Rework.mod","Buildings/Graphical/Gameplay/Items/Weapons/Research","51038","https://steamcommunity.com/sharedfiles/filedetails/?id=2927813323"
"2927833944","Radiant Turret Rework (No Ammunition Patch)","patch","retirer (conflit/patch orphelin)","Radiant Turret Rework (No Ammunitions Patch).mod","Buildings/Graphical/Gameplay/Items/Weapons","41615","https://steamcommunity.com/sharedfiles/filedetails/?id=2927833944"
"2604948356","Radiation Suit (Fixed)","patch","retirer (conflit/patch orphelin)","Rad_suit_fix.mod","Clothing/Armour/Characters","15446","https://steamcommunity.com/sharedfiles/filedetails/?id=2604948356"
"2886774824","Random Joiners","gameplay/other","retirer (conflit/patch orphelin)","CBT Random Joiners.mod","Gameplay/Characters","63732","https://steamcommunity.com/sharedfiles/filedetails/?id=2886774824"
"1811931928","Rattataki","race","retirer (conflit/patch orphelin)","Rattataki.mod","Races","35095","https://steamcommunity.com/sharedfiles/filedetails/?id=1811931928"
"1358096888","Reactive World","overhaul/UWE-patch","retirer (conflit/patch orphelin)","Reactive World.mod","Characters/Environment/Map/Factions/Gameplay","863592","https://steamcommunity.com/sharedfiles/filedetails/?id=1358096888"
"3276604192","Realistic Apparel Diversity [RAD] - Dust Bandits","gameplay/other","retirer (conflit/patch orphelin)","Realistic Apparel Diversity [RAD] - Dust Bandits.mod","Characters","7776","https://steamcommunity.com/sharedfiles/filedetails/?id=3276604192"
"3292549198","Realistic Apparel Diversity [RAD] - Manhunters","gameplay/other","retirer (conflit/patch orphelin)","Realistic Apparel Diversity - Manhunters.mod","Characters","9868","https://steamcommunity.com/sharedfiles/filedetails/?id=3292549198"
"3306183274","Realistic Apparel Diversity [RAD] - Reavers/Bloodraiders","world/faction","retirer (conflit/patch orphelin)","Realistic Apparel Diversity [RAD] - Reavers.mod","Clothing/Armour/Factions","7815","https://steamcommunity.com/sharedfiles/filedetails/?id=3306183274"
"3292554511","Realistic Apparel Diversity [RAD] - Rebel Farmers & Swordsmen","gameplay/other","retirer (conflit/patch orphelin)","Realistic Apparel Diversity [RAD] - Rebel Farmers.mod","Clothing/Armour/Characters","7934","https://steamcommunity.com/sharedfiles/filedetails/?id=3292554511"
"3279313554","Realistic Apparel Diversity [RAD] - Slave Hunters","gameplay/other","retirer (conflit/patch orphelin)","Realistic Apparel Diversity - Slave Hunters.mod","Characters","8701","https://steamcommunity.com/sharedfiles/filedetails/?id=3279313554"
"2848839909","Realistic Hiver Blood","race","retirer (conflit/patch orphelin)","Realistic Hiver Blood.mod","Graphical/Races/Characters","8121","https://steamcommunity.com/sharedfiles/filedetails/?id=2848839909"
"2381827888","Realistic Katana Fix","patch","retirer (conflit/patch orphelin)","Realistic Katana Fix.mod","Items/Weapons","4381","https://steamcommunity.com/sharedfiles/filedetails/?id=2381827888"
"2800788492","Recruitable Bar Thugs","gameplay/other","retirer (conflit/patch orphelin)","Recruitable Bar Thugs.mod","Characters","38082","https://steamcommunity.com/sharedfiles/filedetails/?id=2800788492"
"2979890203","Recruitable Razor","gameplay/other","retirer (conflit/patch orphelin)","Recruitable Razor.mod","Characters/Gameplay","44434","https://steamcommunity.com/sharedfiles/filedetails/?id=2979890203"
"2954549870","Red Sabres + Samurai Armor Expanded patch","patch","retirer (conflit/patch orphelin)","Red Sabres+Samarmor expanded patch.mod","Clothing/Armour/Factions","96","https://steamcommunity.com/sharedfiles/filedetails/?id=2954549870"
"3049358495","Rest at Campfires","gameplay/other","retirer (conflit/patch orphelin)","Campfire.mod","Buildings/Gameplay","46212","https://steamcommunity.com/sharedfiles/filedetails/?id=3049358495"
"1595797905","Revan","gameplay/other","retirer (conflit/patch orphelin)","revansrobes.mod","Clothing/Armour/Items/Weapons/Characters","56760","https://steamcommunity.com/sharedfiles/filedetails/?id=1595797905"
"1874401529","RLBS RP Patch","patch","retirer (conflit/patch orphelin)","RLBS RP Patch.mod","","94412","https://steamcommunity.com/sharedfiles/filedetails/?id=1874401529"
"2278137860","RP & RW Compatibility Patch","overhaul/UWE-patch","retirer (conflit/patch orphelin)","RP & RW Compatibility Patch.mod","Characters","90265","https://steamcommunity.com/sharedfiles/filedetails/?id=2278137860"
"2427662730","RW Distant Towns","overhaul/UWE-patch","retirer (conflit/patch orphelin)","RW Distant Towns.mod","Environment/Map","36280","https://steamcommunity.com/sharedfiles/filedetails/?id=2427662730"
"2797192806","Samurai Armor Expanded","gameplay/other","retirer (conflit/patch orphelin)","Samurai_armor_expanded.mod","Clothing/Armour/Research/Characters","103492","https://steamcommunity.com/sharedfiles/filedetails/?id=2797192806"
"3223720360","Samurai Armor Expanded + YAKNM Patch","patch","retirer (conflit/patch orphelin)","samu_armor_expanded_yaknm_patch.mod","Clothing/Armour","138","https://steamcommunity.com/sharedfiles/filedetails/?id=3223720360"
"2884600793","Samurai Mask for Belt Slots (Samurai Armor Expanded) Patch","patch","retirer (conflit/patch orphelin)","Samurai_belt_mask Patch.mod","Clothing/Armour/Research","30163","https://steamcommunity.com/sharedfiles/filedetails/?id=2884600793"
"2818128373","Sengoku Armor Pack EN","gameplay/other","retirer (conflit/patch orphelin)","Sengoku Armor Pack EN.mod","Clothing/Armour/Research/Translation","6400","https://steamcommunity.com/sharedfiles/filedetails/?id=2818128373"
"2415273823","Sensible Nutrition - A Food Overhaul","gameplay/other","retirer (conflit/patch orphelin)","Sensible Nutrition.mod","Gameplay/Items/Weapons","51645","https://steamcommunity.com/sharedfiles/filedetails/?id=2415273823"
"1200817710","Shek's Uniform Reimagined","gameplay/other","retirer (conflit/patch orphelin)","Reimagined Shek Uniforms.mod","Characters","8839","https://steamcommunity.com/sharedfiles/filedetails/?id=1200817710"
"2554237636","Shinobi Trader Expanded","world/faction","retirer (conflit/patch orphelin)","Shinobi Trader Expanded.mod","Clothing/Armour/Factions/Gameplay/Items/Weapons/Characters","60794","https://steamcommunity.com/sharedfiles/filedetails/?id=2554237636"
"2711683085","Shoddy Firearms Dissemination Patch","patch","retirer (conflit/patch orphelin)","Shoddy Firearms Dissemination.mod","Factions/Items/Weapons","39913","https://steamcommunity.com/sharedfiles/filedetails/?id=2711683085"
"2943077412","Shop in Shem: Rebirth","world/faction","retirer (conflit/patch orphelin)","ShemShop_Rebirth.mod","Buildings/Environment/Map/Gameplay","40344","https://steamcommunity.com/sharedfiles/filedetails/?id=2943077412"
"2067539589","Shut the Fog Up","race","retirer (conflit/patch orphelin)","ShutTheFogUp.mod","Characters/Environment/Map/Gameplay/Races","48411","https://steamcommunity.com/sharedfiles/filedetails/?id=2067539589"
"1640096531","Simple Map Markers","world/faction","retirer (conflit/patch orphelin)","sg_SimpleMapIcons.mod","Environment/Map/Graphical/GUI","183884","https://steamcommunity.com/sharedfiles/filedetails/?id=1640096531"
"2834856811","SimpMapIcons + LoadScreens -fixed patch","patch","retirer (conflit/patch orphelin)","SimpMapIcons + LoadScreens -fixed patch.mod","Graphical/GUI","5396","https://steamcommunity.com/sharedfiles/filedetails/?id=2834856811"
"3249835849","Skeleton clipping fix","patch","retirer (conflit/patch orphelin)","skeleton clipping fix.mod","Characters","53427","https://steamcommunity.com/sharedfiles/filedetails/?id=3249835849"
"2992234074","Skill Based Dodge Speed","animation","retirer (conflit/patch orphelin)","SkillBased_FastDodge.mod","","56774","https://steamcommunity.com/sharedfiles/filedetails/?id=2992234074"
"2894784090","Skin Bandit Diversity and Inclusion Initiative","world/faction","retirer (conflit/patch orphelin)","Skin Bandit Diversity.mod","Clothing/Armour/Factions/Characters","23345","https://steamcommunity.com/sharedfiles/filedetails/?id=2894784090"
"2851329357","Slave Loyalty Mod","gameplay/other","retirer (conflit/patch orphelin)","Slave_Recruitability.mod","Gameplay","18416","https://steamcommunity.com/sharedfiles/filedetails/?id=2851329357"
"3008429789","Slaver Caravan Visit","world/faction","retirer (conflit/patch orphelin)","Visiting Slaver Caravan.mod","Factions/Gameplay","36888","https://steamcommunity.com/sharedfiles/filedetails/?id=3008429789"
"2852881568","Slaver Raid Bribe","world/faction","retirer (conflit/patch orphelin)","Slaver Raid Bribe.mod","Factions","1909","https://steamcommunity.com/sharedfiles/filedetails/?id=2852881568"
"2951334046","Slavers Sell Confiscated Goods","world/faction","retirer (conflit/patch orphelin)","Slavers Sell Confiscated Goods.mod","Clothing/Armour/Factions/Gameplay/Items/Weapons","15070","https://steamcommunity.com/sharedfiles/filedetails/?id=2951334046"
"2432080496","Slightly less naked bandits","gameplay/other","retirer (conflit/patch orphelin)","armor for naked bandits.mod","Characters","537","https://steamcommunity.com/sharedfiles/filedetails/?id=2432080496"
"2432094711","Slightly less naked bandits (Reactive World)","overhaul/UWE-patch","retirer (conflit/patch orphelin)","armor for naked bandits rw.mod","Characters","1152","https://steamcommunity.com/sharedfiles/filedetails/?id=2432094711"
"1757001038","Small resources are small","world/faction","retirer (conflit/patch orphelin)","small_is_small.mod","Environment/Map","53961","https://steamcommunity.com/sharedfiles/filedetails/?id=1757001038"
"2927046058","Sneaking is Sus","gameplay/other","retirer (conflit/patch orphelin)","Sneaking is Sus.mod","Gameplay","11327","https://steamcommunity.com/sharedfiles/filedetails/?id=2927046058"
"1737749536","Southern Hive Queen and Fog Queen","race","retirer (conflit/patch orphelin)","QueenRetexture.mod","Characters/Races","88992","https://steamcommunity.com/sharedfiles/filedetails/?id=1737749536"
"1877613958","Sparring Mat + Dexterity Dummy - Category Fix","patch","retirer (conflit/patch orphelin)","Build Category Fix.mod","GUI","35553","https://steamcommunity.com/sharedfiles/filedetails/?id=1877613958"
"1356474362","Sparring Mats - Basic Training for Melee Defense & Martial Arts","animation","retirer (conflit/patch orphelin)","Sparring - Melee Defense Training.mod","Buildings/Gameplay","361083","https://steamcommunity.com/sharedfiles/filedetails/?id=1356474362"
"3001472527","Sparring Partner - Strangers and Freaks Patch","patch","retirer (conflit/patch orphelin)","SP - Strangers and Freaks PATCH.mod","Gameplay/Characters","45089","https://steamcommunity.com/sharedfiles/filedetails/?id=3001472527"
"3001476153","Sparring Partners - Strangers and Freaks - Hive Princesses PATCH","patch","retirer (conflit/patch orphelin)","SP - Strangers and Freaks Princesses PATCH.mod","Gameplay/Characters","33393","https://steamcommunity.com/sharedfiles/filedetails/?id=3001476153"
"2207973897","Sparring Partners (Training)","gameplay/other","retirer (conflit/patch orphelin)","Sparring_Partner.mod","Gameplay","106077","https://steamcommunity.com/sharedfiles/filedetails/?id=2207973897"
"3047203373","Starving Bandits Enhanced","world/faction","retirer (conflit/patch orphelin)","2PN8StarvingBanditsEnhanced.mod","Factions/Characters","41410","https://steamcommunity.com/sharedfiles/filedetails/?id=3047203373"
"2859758575","Steel Legion Armor for Rare Skeletons Patch","patch","retirer (conflit/patch orphelin)","Steel Legion Armor for Rare Skeletons.mod","Clothing/Armour/Races","31","https://steamcommunity.com/sharedfiles/filedetails/?id=2859758575"
"3332584947","Swampers","world/faction","retirer (conflit/patch orphelin)","Swampers.mod","Clothing/Armour/Factions/Items/Weapons/Characters","6973","https://steamcommunity.com/sharedfiles/filedetails/?id=3332584947"
"3135677080","T2SwiD - Adventurers Guild - Lore Friendly Recruitment Add-on","gameplay/other","retirer (conflit/patch orphelin)","T2SWID_Adventurers Guild Integration.mod","Gameplay","46158","https://steamcommunity.com/sharedfiles/filedetails/?id=3135677080"
"3135692483","T2SwiD - UWE Compatibility Patch","overhaul/UWE-patch","retirer (conflit/patch orphelin)","T2SWID_UWE Compatibility.mod","Gameplay","39695","https://steamcommunity.com/sharedfiles/filedetails/?id=3135692483"
"2912359694","Talk to shopkeepers while in disguise","gameplay/other","retirer (conflit/patch orphelin)","Talk to shopkeepers while in disguise.mod","Gameplay","72552","https://steamcommunity.com/sharedfiles/filedetails/?id=2912359694"
"2594425907","Talkative Ray","gameplay/other","retirer (conflit/patch orphelin)","Talkative Ray.mod","Gameplay/Translation/Characters","16211","https://steamcommunity.com/sharedfiles/filedetails/?id=2594425907"
"2827416765","Tech Hunter Scribes - Fallout 4 Brotherhood Scribe Armour Mod","world/faction","retirer (conflit/patch orphelin)","FO4Scribe.mod","Clothing/Armour/Factions/Gameplay/Items/Weapons/Characters","18235","https://steamcommunity.com/sharedfiles/filedetails/?id=2827416765"
"2505442956","the ancestral (azuchi) armor start","gameplay/other","retirer (conflit/patch orphelin)","Azuchistart.mod","Clothing/Armour/Characters","879","https://steamcommunity.com/sharedfiles/filedetails/?id=2505442956"
"2821195183","The Flesh Barrel","gameplay/other","retirer (conflit/patch orphelin)","Fleshbox.mod","Buildings/Gameplay/Research","14391","https://steamcommunity.com/sharedfiles/filedetails/?id=2821195183"
"2360832398","The Shoddy Firearms Mod","gameplay/other","retirer (conflit/patch orphelin)","The Shoddy Firearm Mod.mod","Buildings/Graphical/Gameplay/Items/Weapons/Research","86435","https://steamcommunity.com/sharedfiles/filedetails/?id=2360832398"
"1816505480","The Struggler","race","retirer (conflit/patch orphelin)","The Struggler.mod","Cheats/Characters/Races","67417","https://steamcommunity.com/sharedfiles/filedetails/?id=1816505480"
"3138844152","The Tranquil Trail - a new biome and modder's resource","world/faction","retirer (conflit/patch orphelin)","Shun Coast.mod","Environment/Map/Graphical/Gameplay","13172","https://steamcommunity.com/sharedfiles/filedetails/?id=3138844152"
"3241903138","The Whistler - Additions & Changes","race","retirer (conflit/patch orphelin)","Whistler Additions.mod","Races/Characters","13108","https://steamcommunity.com/sharedfiles/filedetails/?id=3241903138"
"1745619508","The Whistler - Race Mod","race","retirer (conflit/patch orphelin)","Whistler.mod","Gameplay/Races/Characters","73601","https://steamcommunity.com/sharedfiles/filedetails/?id=1745619508"
"1762149693","Throes of Obedience","world/faction","retirer (conflit/patch orphelin)","Throes of Obedience.mod","Characters/Environment/Map/Gameplay","162855","https://steamcommunity.com/sharedfiles/filedetails/?id=1762149693"
"1658170081","Trade Routes Intensified","world/faction","retirer (conflit/patch orphelin)","Trade Prices.mod","Factions/Gameplay","258532","https://steamcommunity.com/sharedfiles/filedetails/?id=1658170081"
"1704803250","Trader For Hire","gameplay/other","retirer (conflit/patch orphelin)","Trader For Hire.mod","Characters/Gameplay","99467","https://steamcommunity.com/sharedfiles/filedetails/?id=1704803250"
"2529521585","Universal Wasteland Expansion - Race Blood Compatibility Patch","overhaul/UWE-patch","retirer (conflit/patch orphelin)","UWE - RB Compatibility Patch.mod","Graphical/Total Overhaul/Races","71697","https://steamcommunity.com/sharedfiles/filedetails/?id=2529521585"
"2252276260","Useless Node Deleter -Crafting Station-","gameplay/other","retirer (conflit/patch orphelin)","Useless Node Deleter.mod","Buildings/Gameplay","55850","https://steamcommunity.com/sharedfiles/filedetails/?id=2252276260"
"3013420487","UWE - Cannibal Hunting (Side Quest Included!)","overhaul/UWE-patch","retirer (conflit/patch orphelin)","UWE - Cannibal Hunting.mod","Factions/Graphical/Gameplay/GUI/Items/Weapons/Characters","43152","https://steamcommunity.com/sharedfiles/filedetails/?id=3013420487"
"3335986524","UWE - Clownsteady Town Override Fix","overhaul/UWE-patch","retirer (conflit/patch orphelin)","UWE - Clownsteady Town Override Fix.mod","","27818","https://steamcommunity.com/sharedfiles/filedetails/?id=3335986524"
"3007229806","UWE - Giga Patch ONE","overhaul/UWE-patch","retirer (conflit/patch orphelin)","UWE-GigaPatch-ONE.mod","Buildings/Clothing/Armour/Environment/Map/Factions/Gameplay/Items/Weapons/Races/Characters","39157","https://steamcommunity.com/sharedfiles/filedetails/?id=3007229806"
"2983501239","UWE - Grazing and Animal Fodder","overhaul/UWE-patch","retirer (conflit/patch orphelin)","UWE - Grazing and Animal Fodder.mod","Buildings/Gameplay/Items/Weapons/Characters","19757","https://steamcommunity.com/sharedfiles/filedetails/?id=2983501239"
"3151959693","UWE - Kaizo Cannibal Hunting Patch","overhaul/UWE-patch","retirer (conflit/patch orphelin)","UWE - Kaizo CH Patch.mod","Factions/Graphical/Gameplay/GUI/Items/Weapons/Characters","38409","https://steamcommunity.com/sharedfiles/filedetails/?id=3151959693"
"2824595307","UWE - Multiple Training Mods Patch and Tweaks","overhaul/UWE-patch","retirer (conflit/patch orphelin)","UWE - Multiple Training Mods Patch and Tweaks.mod","Buildings/Cheats/Gameplay/Items/Weapons/Research","42262","https://steamcommunity.com/sharedfiles/filedetails/?id=2824595307"
"2998326121","UWE - No generic recruits, now unique","overhaul/UWE-patch","retirer (conflit/patch orphelin)","UWE_No_generic_unique.mod","Gameplay/Characters","13471","https://steamcommunity.com/sharedfiles/filedetails/?id=2998326121"
"3013361589","UWE - Princess Patch (Northern and Midland Retexture) + Cute Hive","overhaul/UWE-patch","retirer (conflit/patch orphelin)","UWE - Princess Patch.mod","Factions/Graphical/Gameplay/Races/Characters","21846","https://steamcommunity.com/sharedfiles/filedetails/?id=3013361589"
"3014886133","UWE - Recruitable Prisoners - Addon Patch","overhaul/UWE-patch","retirer (conflit/patch orphelin)","UWE - RP - Praetorian Addon.mod","Factions/Gameplay/Races/Characters","46856","https://steamcommunity.com/sharedfiles/filedetails/?id=3014886133"
"3010818879","UWE - Sparring Partners Patch (and Bounties Galore)!","overhaul/UWE-patch","retirer (conflit/patch orphelin)","UWE-SparringPartnersPatch.mod","Factions/Gameplay/GUI/Characters","38884","https://steamcommunity.com/sharedfiles/filedetails/?id=3010818879"
"2824875609","UWE Item Stacking (for UWE v31)","overhaul/UWE-patch","retirer (conflit/patch orphelin)","UWE Item Stacking (for UWE v23+).mod","Gameplay/Items/Weapons/Research/Cheats","20245","https://steamcommunity.com/sharedfiles/filedetails/?id=2824875609"
"2309019816","Vanilla Aesthetic Patch - Azuchi Armour","patch","retirer (conflit/patch orphelin)","Vanilla Aesthetic Patch - Azuchi Armour.mod","Characters/Clothing/Armour/Research","88440","https://steamcommunity.com/sharedfiles/filedetails/?id=2309019816"
"2309039238","Vanilla Aesthetic Patch - Azuchi Armour - Compatibility Addition for Ashigaru Armour","patch","retirer (conflit/patch orphelin)","Vanilla Aesthetic Patch - Azuchi Armour - Compatibility Addition For Ashigaru Armour.mod","","42901","https://steamcommunity.com/sharedfiles/filedetails/?id=2309039238"
"2306009348","Vanilla Aesthetic Patch - Nomad Cape","patch","retirer (conflit/patch orphelin)","Vanila Aesthetic Patch - Nomad Cape.mod","Clothing/Armour","160384","https://steamcommunity.com/sharedfiles/filedetails/?id=2306009348"
"3027273370","Vanilla Weapon Stat Revamp","overhaul/UWE-patch","retirer (conflit/patch orphelin)","Vanilla Weapon Stat Revamp.mod","Total Overhaul/Items/Weapons","47543","https://steamcommunity.com/sharedfiles/filedetails/?id=3027273370"
"3156235823","Visiting Slaver Caravan LITE Patch","patch","retirer (conflit/patch orphelin)","Visiting Slaver Caravan LITE.mod","Factions/Gameplay","32217","https://steamcommunity.com/sharedfiles/filedetails/?id=3156235823"
"2801722365","Wanted Posters Update | Completion","gameplay/other","retirer (conflit/patch orphelin)","Wanted Posters update.mod","Graphical/Items/Weapons","131712","https://steamcommunity.com/sharedfiles/filedetails/?id=2801722365"
"2944274782","Weapons | Bull Horn Axe & Exile Plank Revamp","overhaul/UWE-patch","retirer (conflit/patch orphelin)","Bull Horn Axe Exile Plank Revamp.mod","Graphical/Total Overhaul/Items/Weapons/Research","53610","https://steamcommunity.com/sharedfiles/filedetails/?id=2944274782"
"2943391533","Weapons | Cut Weapon Restoration Pack","animation","retirer (conflit/patch orphelin)","Cut Weapon Restoration.mod","Items/Weapons/Research","54938","https://steamcommunity.com/sharedfiles/filedetails/?id=2943391533"
"2913798392","YAKNM body normal maps","gameplay/other","retirer (conflit/patch orphelin)","01.mod","Clothing/Armour/Graphical/Characters","75255","https://steamcommunity.com/sharedfiles/filedetails/?id=2913798392"
"3007138074","YOUR Fish Isle! [Stable]","world/faction","retirer (conflit/patch orphelin)","AnnexFishmanIsland.mod","Buildings/Environment/Map/Factions/Gameplay/Cheats/Characters","43140","https://steamcommunity.com/sharedfiles/filedetails/?id=3007138074"
"3117550712","狼人头套 Werewolf Hood","gameplay/other","retirer (conflit/patch orphelin)","langrentoutao.mod","Clothing/Armour/Characters","2022","https://steamcommunity.com/sharedfiles/filedetails/?id=3117550712"
"1116463641","(Outdated) Longer Mercenary Contracts","deprecated","retirer (obsolète/traduction)","Longer Mercenary Contracts.mod","Characters/Factions/Gameplay","125169","https://steamcommunity.com/sharedfiles/filedetails/?id=1116463641"
"3292251721","(Outdated) Remove Test Start - Collection","deprecated","retirer (obsolète/traduction)","RemoveTestStart - Collection.mod","Gameplay/GUI/Cheats","2867","https://steamcommunity.com/sharedfiles/filedetails/?id=3292251721"
"1534443862","[Abandoned] OMO'S ARMOUR for the World","deprecated","retirer (obsolète/traduction)","OMO'S ARMOUR for the World.mod","Clothing/Armour/Gameplay/Items/Weapons","217275","https://steamcommunity.com/sharedfiles/filedetails/?id=1534443862"
"3024815903","[DEPRECATED] NCE - Collection Pack","deprecated","retirer (obsolète/traduction)","NCE - Collection Pack.mod","Clothing/Armour/Gameplay","22151","https://steamcommunity.com/sharedfiles/filedetails/?id=3024815903"
"2887493022","[OUTDATED] Idle Pose Ayanami Rei-ish (Evangelion)","deprecated","retirer (obsolète/traduction)","IdlePose_Ayanami.mod","Characters","42127","https://steamcommunity.com/sharedfiles/filedetails/?id=2887493022"
"2824281270","[OUTDATED] Idle Pose Caeda-ish (Fire Emblem)","deprecated","retirer (obsolète/traduction)","IdlePose_Caeda.mod","Characters","45089","https://steamcommunity.com/sharedfiles/filedetails/?id=2824281270"
"2950824375","[OUTDATED] Idle Pose Hands behind Back","deprecated","retirer (obsolète/traduction)","IdlePose_Hands_behind_Back.mod","Characters","47572","https://steamcommunity.com/sharedfiles/filedetails/?id=2950824375"
"3105983683","[OUTDATED] Idle Pose Idol","deprecated","retirer (obsolète/traduction)","IdlePose_Idol.mod","Characters","28581","https://steamcommunity.com/sharedfiles/filedetails/?id=3105983683"
"2117374969","AGO'S Clothing & Armor　（WIP）CN","translation","retirer (obsolète/traduction)","AGO'S Clothing & Armor CN.mod","Clothing/Armour/Factions/Translation/Characters","3496","https://steamcommunity.com/sharedfiles/filedetails/?id=2117374969"
"2025926276","Alchemist Armor CN/炼金术士盔甲（套装） 简中汉化","translation","retirer (obsolète/traduction)","Alchemist Armor CN.mod","Translation","3640","https://steamcommunity.com/sharedfiles/filedetails/?id=2025926276"
"3228168775","Ancient Empire Samurai - EN Translation Patch","translation","retirer (obsolète/traduction)","Ancient Empire Samurai - EN Translation.mod","","11870","https://steamcommunity.com/sharedfiles/filedetails/?id=3228168775"
"1825528679","Armor; Nomad CapeCN汉化","translation","retirer (obsolète/traduction)","nomad cape.CN.mod","Clothing/Armour/Items/Weapons","59044","https://steamcommunity.com/sharedfiles/filedetails/?id=1825528679"
"2905543045","Armor; Nomad Cape繁體中文","translation","retirer (obsolète/traduction)","nomad cape CHT.mod","Translation","188","https://steamcommunity.com/sharedfiles/filedetails/?id=2905543045"
"2973537301","Azuchi Armor JP","translation","retirer (obsolète/traduction)","Azuchi JP.mod","Translation","877","https://steamcommunity.com/sharedfiles/filedetails/?id=2973537301"
"2456517616","Bounty Hunter Armor RUS","translation","retirer (obsolète/traduction)","Bounty Hunter Armor RUS.mod","Clothing/Armour/Translation","7247","https://steamcommunity.com/sharedfiles/filedetails/?id=2456517616"
"3198146174","Crusaders Armor | Mediocre Black Armor","translation","retirer (obsolète/traduction)","CrusadersMod Mediocre Black.mod","Clothing/Armour/Research","1389","https://steamcommunity.com/sharedfiles/filedetails/?id=3198146174"
"2884565136","Mediocre Black Armor - version 3 JP","translation","retirer (obsolète/traduction)","Mediocre Black Armor JP.mod","Clothing/Armour/Graphical/Translation","654","https://steamcommunity.com/sharedfiles/filedetails/?id=2884565136"
"3172966011","merc armor bundle（日式雇佣兵盔甲 汉化补丁）","translation","retirer (obsolète/traduction)","merc armor bundle CN.mod","Translation","1863","https://steamcommunity.com/sharedfiles/filedetails/?id=3172966011"
"3045763426","Nun Armor CN - 修女服 汉化","translation","retirer (obsolète/traduction)","Sister Armor CN.mod","Clothing/Armour/Translation","594","https://steamcommunity.com/sharedfiles/filedetails/?id=3045763426"
"2281217796","Ouroboros Armor and Ouroboros Empire Faction [RUS]","translation","retirer (obsolète/traduction)","OroborosArmor.mod","Buildings/Clothing/Armour/Factions/Items/Weapons/Research/Translation/Characters","5836","https://steamcommunity.com/sharedfiles/filedetails/?id=2281217796"
"2563356660","Radiant Biosteel Silk Armors CN","translation","retirer (obsolète/traduction)","Radiant Armors CN.mod","Translation","13931","https://steamcommunity.com/sharedfiles/filedetails/?id=2563356660"
"2179389071","Rust Bandits","translation","retirer (obsolète/traduction)","Rust Bandits.mod","Buildings/Clothing/Armour/Environment/Map/Factions/Gameplay/Total Overhaul/Items/Weapons/Characters","15402","https://steamcommunity.com/sharedfiles/filedetails/?id=2179389071"
"2822509155","Samurai Captain Armor jp","translation","retirer (obsolète/traduction)","Officer_armor jp.mod","Clothing/Armour/Research","834","https://steamcommunity.com/sharedfiles/filedetails/?id=2822509155"
"3259963142","Spider Tank & Machinegun Walker - English Translation","translation","retirer (obsolète/traduction)","SpiderTank-ENG.mod","Races/Characters","15042","https://steamcommunity.com/sharedfiles/filedetails/?id=3259963142"
"3025609241","UWE - Item Integration Patch - Addon [DEPRECATED]","deprecated","retirer (obsolète/traduction)","UWE - Items Integration Patch - Addon.mod","Clothing/Armour/Gameplay/Characters","36024","https://steamcommunity.com/sharedfiles/filedetails/?id=3025609241"
"3275140048","生物钢丝绸汉化补全 （24.6.25） Radiant Biosteel Silk Armors","translation","retirer (obsolète/traduction)","Radiant Armors CN2 new.mod","Translation","559","https://steamcommunity.com/sharedfiles/filedetails/?id=3275140048"
"3257916509","蜘蛛坦克与自走机枪_中文 Spider_tank&Machinegun_walker CN","translation","retirer (obsolète/traduction)","Spider Tank.mod","Races/Characters","17692","https://steamcommunity.com/sharedfiles/filedetails/?id=3257916509"
"3044661411","赏金猎人盔甲 汉化 Bounty Hunter Armor CN","translation","retirer (obsolète/traduction)","Bounty Hunter CN.mod","Clothing/Armour","4247","https://steamcommunity.com/sharedfiles/filedetails/?id=3044661411"
"2543778886","重型装备+汉化/Heavy Armor Plus+ CN","translation","retirer (obsolète/traduction)","Heavy Armor Plus+ CN.mod","Items/Weapons","424","https://steamcommunity.com/sharedfiles/filedetails/?id=2543778886"
