time,working_set_mb,private_mb,peak_working_set_mb,handles,threads,free_ram_mb,commit_used_mb,commit_limit_mb
21:09:38,78,82,78,333,7,3447,14612,32213
21:09:43,132,173,172,533,34,3308,14770,32213
21:09:48,128,163,172,533,34,3494,14532,32213
21:09:53,128,163,172,533,34,3509,14511,32213
21:09:59,148,242,172,718,77,3450,14717,32213
21:10:04,1508,1679,1508,1051,129,1782,16542,32213
21:10:09,2037,2959,2037,1061,131,1278,17765,32213
21:10:14,1858,2765,2038,1061,131,1501,17520,32213
21:10:19,1615,2520,2038,1061,131,1782,17259,32213
21:10:24,1615,2520,2038,1059,130,1761,17256,32213
21:10:29,1615,2520,2038,1059,130,1775,17248,32213
21:10:34,2118,3323,2118,13509,138,1313,17998,32213
21:10:39,2236,3493,2238,13508,138,1154,18207,32213
21:10:44,2288,3552,2297,13508,138,1128,18257,32213
21:10:49,2298,3522,2305,13508,138,1156,18214,32213
21:10:54,2323,3532,2325,13509,138,1122,18188,32213
21:11:00,2365,3618,2372,13508,138,1105,18263,32213
21:11:05,2615,3957,2615,13568,138,957,18586,32213
21:11:10,3617,5294,3618,13672,135,223,19973,32213
21:11:15,3904,5896,3904,13675,135,274,20536,32213
21:11:20,4010,6044,4017,13678,135,277,20671,32213
21:11:25,4003,6037,4017,13678,135,286,20649,32213
21:11:30,4003,6037,4017,13678,135,301,20631,32213
21:11:35,4003,6037,4017,13678,135,312,20607,32213
21:11:40,4003,6037,4017,13678,135,356,20556,32213
21:11:45,4003,6037,4017,13678,135,385,20535,32213
21:11:50,4003,6037,4017,13680,135,378,20529,32213
21:11:56,4003,6037,4017,13672,132,385,20528,32213
21:12:01,4003,6037,4017,13672,132,386,20517,32213
21:12:06,4003,6037,4017,13672,132,390,20517,32213
21:12:11,4010,6047,4017,13672,132,387,20530,32213
21:12:16,4011,6048,4019,13668,131,376,20528,32213
21:12:21,4020,6074,4047,13668,131,395,20544,32213
21:12:26,4024,6074,4047,13674,131,375,20561,32213
21:12:31,4018,6060,4047,13676,131,383,20548,32213
21:12:36,4021,6058,4047,13674,131,375,20565,32213
21:12:41,4018,6058,4047,13674,131,372,20570,32213
21:12:46,4014,6053,4047,13674,131,379,20533,32213
21:12:52,4014,6053,4047,13674,131,374,20536,32213
21:12:57,4015,6057,4047,13674,131,379,20540,32213
21:13:02,4065,6136,4065,13679,132,381,20600,32213
21:13:07,4370,6684,4370,14628,132,143,21181,32213
21:13:12,4826,7571,4828,14630,132,58,22052,32213
21:13:17,4609,7584,4828,14630,132,875,22058,32213
21:13:22,4610,7585,4828,14630,132,869,22061,32213
21:13:27,4608,7583,4828,14630,132,887,22041,32213
21:13:32,4608,7583,4828,14630,132,887,22041,32213
21:13:37,4608,7583,4828,14630,132,835,22096,32213
21:13:42,4609,7583,4828,14630,132,745,22194,32213
21:13:47,4616,7594,4828,14672,132,786,22121,32213
21:13:52,4640,7641,4828,14672,132,765,22166,32213
21:13:58,4643,7646,4828,14679,132,766,22154,32213
21:14:03,4641,7641,4828,14679,132,767,22168,32213
21:14:08,4774,7773,4828,14680,132,649,22274,32213
21:14:13,4779,7800,4828,14695,132,644,22290,32213
21:14:18,4777,7797,4828,14695,132,652,22286,32213
21:14:23,4777,7798,4828,14695,132,646,22303,32213
21:14:28,4778,7798,4828,14695,132,662,22284,32213
21:14:33,4794,7828,4828,14707,132,639,22345,32213
21:14:38,4794,7828,4828,14709,133,650,22328,32213
21:14:43,4793,7828,4828,14709,133,664,22305,32213
21:14:48,4793,7828,4828,14709,133,666,22306,32213
21:14:53,4793,7828,4828,14709,133,665,22307,32213
21:14:58,4810,7852,4828,14924,133,550,22423,32213
21:15:04,4917,8042,4918,14926,133,466,22628,32213
21:15:09,4915,8040,4918,14926,133,470,22623,32213
21:15:14,4916,8040,4918,14926,133,454,22614,32213
21:15:19,4913,8041,4918,14932,133,1257,22638,32213
21:15:24,4913,8041,4918,14932,133,1242,22632,32213
21:15:29,4913,8042,4918,14932,133,1254,22618,32213
21:15:34,4913,8042,4918,14932,133,1125,22641,32213
21:15:39,4913,8042,4918,14932,133,1109,22650,32213
21:15:44,4913,8042,4918,14932,133,1113,22636,32213
21:15:49,4914,8042,4918,14932,133,1083,22652,32213
21:15:54,4914,8042,4918,14932,133,1103,22604,32213
21:16:00,4914,8042,4918,14932,133,1115,22600,32213
21:16:05,4914,8042,4918,14932,133,1105,22627,32213
21:16:10,4914,8042,4918,14932,133,1104,22622,32213
21:16:15,4914,8042,4918,14932,133,1102,22612,32213
21:16:20,4915,8043,4918,14924,132,1100,22612,32213
21:16:25,4910,8012,4922,14684,132,1125,22550,32213
21:16:30,4895,7980,4922,14684,132,1129,22527,32213
21:16:35,4888,7972,4922,14684,132,1152,22516,32213
21:16:40,4888,7972,4922,14684,132,1142,22542,32213
21:16:45,4895,7981,4922,14699,132,1155,22505,32213
21:16:50,4895,7963,4922,14699,132,1155,22486,32213
21:16:55,4894,7961,4922,14687,132,1165,22475,32213
21:17:01,4909,7995,4922,14738,132,1148,22498,32213
21:17:06,4909,7995,4922,14738,132,1152,22507,32213
21:17:11,4909,7995,4922,14738,132,1150,22505,32213
21:17:16,4909,7995,4922,14738,132,1157,22485,32213
21:17:21,4909,7995,4922,14738,132,1153,22488,32213
21:17:26,4909,7992,4922,14738,132,1139,22487,32213
21:17:31,4914,7995,4922,14696,132,1117,22520,32213
21:17:36,4908,7984,4922,14696,132,1128,22527,32213
21:17:41,4908,7984,4922,14696,132,1106,22544,32213
21:17:46,4908,7984,4922,14696,132,1124,22511,32213
21:17:51,4908,7984,4922,14696,132,1104,22529,32213
21:17:57,4908,7984,4922,14696,132,1106,22511,32213
21:18:02,4908,7984,4922,14696,132,1125,22511,32213
21:18:07,4908,7982,4922,14696,132,1062,22577,32213
21:18:12,4903,7967,4922,14663,132,1102,22531,32213
21:18:17,4891,7942,4922,14663,132,1106,22512,32213
21:18:22,4891,7942,4922,14663,132,1072,22531,32213
21:18:27,4891,7942,4922,14663,132,1046,22533,32213
21:18:32,4891,7942,4922,14663,132,1099,22528,32213
21:18:37,4891,7942,4922,14663,132,1109,22533,32213
21:18:42,4891,7942,4922,14663,132,1107,22521,32213
21:18:47,4891,7942,4922,14663,132,1058,22581,32213
21:18:52,4891,7942,4922,14663,132,1012,22626,32213
21:18:58,4851,7947,4922,14663,132,1955,22550,32213
21:19:03,4851,7944,4922,14663,132,1967,22543,32213
21:19:08,4852,7946,4922,14663,132,1955,22559,32213
21:19:13,4853,7946,4922,14663,132,1950,22534,32213
21:19:18,4854,7947,4922,14663,132,1966,22515,32213
21:19:23,4878,7995,4922,14744,132,1923,22597,32213
21:19:28,4877,7993,4922,14744,132,1956,22562,32213
21:19:33,4877,7994,4922,14744,132,1954,22556,32213
21:19:38,4877,7994,4922,14746,133,1928,22585,32213
21:19:43,4878,7994,4922,14746,133,1942,22566,32213
21:19:48,4878,7994,4922,14746,133,1928,22582,32213
21:19:53,4884,8010,4922,14746,133,1917,22594,32213
21:19:59,4886,8015,4922,14746,133,1918,22599,32213
21:20:04,4887,8014,4922,14746,133,1921,22579,32213
21:20:09,4889,8017,4922,14746,133,1919,22579,32213
21:20:14,4887,8013,4922,14746,133,1919,22577,32213
21:20:19,4875,8013,4922,14704,133,2100,22563,32213
21:20:24,4877,8015,4922,14704,133,2088,22587,32213
21:20:29,4876,8014,4922,14704,133,2113,22564,32213
21:20:34,4876,8014,4922,14704,133,2101,22568,32213
21:20:39,4877,8014,4922,14704,133,2094,22571,32213
21:20:44,4877,8014,4922,14704,133,2120,22537,32213
21:20:49,4888,8039,4922,14725,131,2102,22591,32213
21:20:54,4887,8028,4922,14654,132,2101,22599,32213
21:20:59,4880,7996,4922,14654,132,2102,22564,32213
21:21:05,4875,7987,4922,14654,132,2119,22537,32213
21:21:10,4876,7992,4922,14660,132,2132,22525,32213
21:21:15,4875,7993,4922,14660,132,2126,22532,32213
21:21:20,4876,7993,4922,14672,132,2128,22535,32213
21:21:25,4879,8000,4922,14672,132,2139,22535,32213
21:21:30,4878,7998,4922,14672,132,2130,22553,32213
21:21:35,4878,7998,4922,14672,132,2157,22497,32213
21:21:40,4878,7998,4922,14672,132,2141,22514,32213
21:21:45,4878,7998,4922,14672,132,2129,22528,32213
21:21:50,4878,7998,4922,14672,132,2129,22532,32213
21:21:55,4877,7997,4922,14672,132,2132,22539,32213
21:22:00,4877,7997,4922,14672,132,2132,22542,32213
21:22:05,4874,7988,4922,14672,132,2155,22495,32213
21:22:11,4868,7973,4922,14657,132,2146,22491,32213
21:22:16,4868,7973,4922,14657,132,2168,22468,32213
21:22:21,4868,7974,4922,14657,132,2151,22488,32213
21:22:26,4868,7974,4922,14657,132,2152,22502,32213
21:22:31,4865,7967,4922,14657,132,2158,22493,32213
21:22:36,4870,7969,4922,14627,132,2146,22489,32213
21:22:41,4866,7955,4922,14627,132,2171,22453,32213
21:22:46,4866,7955,4922,14627,132,2209,22419,32213
21:22:51,4866,7955,4922,14628,132,2195,22439,32213
21:22:56,4866,7955,4922,14628,132,2210,22438,32213
21:23:01,4866,7955,4922,14628,132,2206,22438,32213
21:23:06,4866,7955,4922,14628,132,2194,22441,32213
21:23:12,4866,7955,4922,14628,132,2199,22442,32213
21:23:17,4866,7955,4922,14628,132,2191,22445,32213
21:23:22,4866,7955,4922,14628,132,2195,22441,32213
21:23:27,4866,7955,4922,14670,132,2211,22437,32213
21:23:32,4869,7960,4922,14670,132,2193,22461,32213
21:23:37,4869,7962,4922,14655,132,2183,22459,32213
21:23:42,4869,7962,4922,14655,132,2202,22439,32213
21:23:47,4868,7961,4922,14655,132,2183,22459,32213
21:23:52,4868,7961,4922,14655,132,2181,22475,32213
21:23:57,4896,8032,4922,14703,132,2153,22545,32213
21:24:02,4898,8035,4922,14715,132,2151,22535,32213
21:24:08,4996,8134,5045,14715,132,2058,22612,32213
21:24:13,4981,8119,5045,14715,132,2067,22615,32213
21:24:18,4980,8118,5045,14715,132,2086,22597,32213
21:24:23,4980,8118,5045,14715,132,2086,22613,32213
21:24:28,4980,8118,5045,14715,132,2077,22629,32213
21:24:33,4984,8125,5045,14724,132,2085,22608,32213
21:24:38,4984,8123,5045,14724,132,2067,22634,32213
21:24:43,4984,8124,5045,14724,132,2081,22623,32213
21:24:48,4984,8125,5045,14724,132,2092,22605,32213
21:24:53,4988,8131,5045,14724,132,2078,22645,32213
21:24:58,4988,8131,5045,14724,132,2091,22626,32213
21:25:03,4988,8133,5045,14724,132,2092,22613,32213
21:25:09,4986,8129,5045,14724,132,2088,22625,32213
21:25:14,4987,8129,5045,14724,132,2087,22627,32213
21:25:19,4975,8128,5045,14720,131,2197,22631,32213
21:25:24,4966,8106,5045,14652,132,2209,22627,32213
21:25:29,4953,8075,5045,14652,132,2246,22568,32213
21:25:34,4948,8069,5045,14652,132,2237,22563,32213
21:25:39,4949,8069,5045,14652,132,2253,22547,32213
21:25:44,4948,8068,5045,14652,132,2255,22542,32213
21:25:49,4946,8059,5045,14634,132,2243,22553,32213
21:25:54,4938,8043,5045,14634,132,2253,22552,32213
21:25:59,4941,8046,5045,14634,132,2255,22559,32213
21:26:04,4938,8033,5045,14634,132,2257,22528,32213
21:26:09,4941,8035,5045,14634,132,2273,22514,32213
21:26:15,4940,8035,5045,14634,132,2258,22532,32213
21:26:20,4941,8036,5045,14634,132,2261,22534,32213
21:26:25,4941,8036,5045,14634,132,2275,22530,32213
21:26:30,4944,8045,5045,14634,132,2275,22534,32213
21:26:35,4942,8042,5045,14634,132,2264,22532,32213
21:26:40,4942,8042,5045,14634,132,2254,22548,32213
21:26:45,4942,8042,5045,14634,132,2269,22528,32213
21:26:50,4942,8041,5045,14634,132,2271,22529,32213
21:26:55,4941,8040,5045,14634,132,2274,22543,32213
21:27:00,4943,8049,5045,14634,132,2268,22558,32213
21:27:05,4942,8045,5045,14634,132,2287,22516,32213
21:27:10,4944,8047,5045,14634,132,2269,22538,32213
21:27:15,4945,8051,5045,14634,132,2283,22523,32213
21:27:21,4944,8049,5045,14634,132,2265,22540,32213
21:27:26,4944,8049,5045,14634,132,2272,22549,32213
21:27:31,4945,8054,5045,14634,132,2279,22541,32213
21:27:36,4945,8051,5045,14634,132,2275,22535,32213
21:27:41,4944,8051,5045,14634,132,2280,22531,32213
21:27:46,4944,8051,5045,14634,132,2267,22547,32213
21:27:51,4945,8059,5045,14634,132,2265,22559,32213
21:27:56,4945,8056,5045,14634,132,2267,22568,32213
21:28:01,4944,8055,5045,14634,132,2270,22571,32213
21:28:06,4944,8055,5045,14634,132,2282,22540,32213
21:28:11,4944,8055,5045,14664,132,2264,22556,32213
21:28:16,4945,8056,5045,14664,132,2284,22540,32213
21:28:22,4945,8056,5045,14664,132,2267,22553,32213
21:28:27,4946,8058,5045,14664,132,2254,22583,32213
21:28:32,4947,8058,5045,14664,132,2275,22562,32213
21:28:37,4946,8058,5045,14664,132,2249,22571,32213
21:28:42,4947,8058,5045,14664,132,2266,22551,32213
21:28:47,4947,8058,5045,14664,132,2262,22548,32213
21:28:52,4947,8058,5045,14664,132,2280,22530,32213
21:28:57,4947,8058,5045,14664,132,2266,22561,32213
21:29:02,4949,8062,5045,14664,132,2264,22553,32213
21:29:07,4948,8061,5045,14664,132,2264,22552,32213
21:29:12,4949,8069,5045,14664,132,2263,22560,32213
21:29:18,4950,8066,5045,14664,132,2275,22539,32213
21:29:23,4949,8065,5045,14664,132,2276,22555,32213
21:29:28,4949,8065,5045,14664,132,2264,22544,32213
21:29:33,4951,8067,5045,14664,132,2282,22511,32213
21:29:38,4950,8067,5045,14664,132,2258,22540,32213
21:29:43,4950,8067,5045,14661,132,2257,22541,32213
21:29:48,4950,8067,5045,14658,132,2256,22543,32213
21:29:53,4950,8067,5045,14658,132,2252,22551,32213
21:29:58,4951,8069,5045,14658,132,2256,22549,32213
21:30:03,4951,8069,5045,14658,132,2255,22537,32213
21:30:08,4951,8070,5045,14658,132,2254,22541,32213
21:30:13,4951,8070,5045,14658,132,2269,22524,32213
21:30:19,4951,8070,5045,14658,132,2215,22572,32213
21:30:24,4949,8070,5045,14658,132,2338,22583,32213
21:30:29,4949,8070,5045,14658,132,2327,22602,32213
21:30:34,4951,8071,5045,14658,132,2323,22590,32213
21:30:39,4951,8070,5045,14658,132,2315,22575,32213
21:30:44,4951,8071,5045,14658,132,2178,22702,32213
21:30:49,4951,8071,5045,14658,132,2182,22708,32213
21:30:54,4952,8071,5045,14658,132,2172,22717,32213
21:30:59,4952,8071,5045,14658,132,2190,22695,32213
21:31:04,4954,8072,5045,14658,132,2168,22702,32213
21:31:09,4954,8072,5045,14658,132,2171,22700,32213
21:31:14,4954,8073,5045,14658,132,2194,22670,32213
21:31:20,4955,8073,5045,14658,132,2162,22693,32213
21:31:25,4954,8073,5045,14658,132,2169,22707,32213
21:31:30,4954,8073,5045,14658,132,2167,22707,32213
